,ritz_wl_vac(nm),Aki(s^-1),conf_i,term_i,J_i,conf_k,term_k,J_k,g_i,g_k
0,516.353605,49333333.333333336,3d6.(5D).4d,6D,nan,3d6.(5D<3>).4f,2[1]*,nan,30.0,6.0
1,583.0049750000001,15700000.0,3d6.(5D).4d,e 4F,nan,3d6.(5D<1>).4f,2[2]*,nan,28.0,10.0
2,704.16748,10800000.0,3d6.(5D).5p,4D*,nan,3d6.(3F2).4d,4P,nan,20.0,12.0
3,1918.969592727273,1149866.6666666667,3d6.(5D).4d,6D,nan,3d6.(5D).5p,6D*,nan,30.0,30.0
4,239.83162107692308,303833333.3333333,3d6.(5D).4s,a 6D,nan,3d6.(5D).4p,z 6F*,nan,30.0,42.0
5,668.15875,2271428.5714285714,3d6.(5D).4d,4P,nan,3d6.(5D<4>).4f,2[3]*,nan,12.0,14.0
6,274.886952,87333333.33333333,3d6.(3P2).4p,y 4D*,nan,3d6.(3P2).5s,2P,nan,20.0,6.0
7,520.9147675,63680000.0,3d6.(5D).4d,6D,nan,3d6.(5D<4>).4f,2[2]*,nan,30.0,10.0
8,539.73546,31428571.42857143,3d6.(5D).4d,6S,nan,3d6.(5D<0>).4f,2[3]*,nan,6.0,14.0
9,2255.407831666667,793357.1428571428,3d6.(5D).4d,e 4F,nan,3d6.(5D).5p,4F*,nan,28.0,28.0
10,721.480142,0.15316666666666667,3d7,a 4F,nan,3d7,a 2G,nan,28.0,18.0
11,251.213657,15000000.0,3d6.(3F2).4p,y 4G*,nan,3d6.(5D).5d,4F,nan,36.0,28.0
12,1721.3241964285712,3323333.3333333335,3d6.(5D).4d,e 6F,nan,3d6.(5D).5p,6D*,nan,42.0,30.0
13,225.778963,26785714.285714287,3d6.(3H).4p,z 4G*,nan,3d6.(3F2).4d,4F,nan,36.0,28.0
14,510.2961378,81400000.0,3d6.(5D).4d,6D,nan,3d6.(5D<3>).4f,2[4]*,nan,30.0,18.0
15,550.48886,6780000.0,3d6.(5D).4d,6S,nan,3d6.(5D<2>).4f,2[2]*,nan,6.0,10.0
16,655.26059,13300000.0,3d6.(5D).4d,4P,nan,3d6.(5D<3>).4f,2[0]*,nan,12.0,2.0
17,239.04334766666668,543000000.0,3d6.(3H).4p,z 2I*,nan,3d6.(3H).4d,2K,nan,26.0,30.0
18,268.89877,10333333.333333334,3d6.(3G).4p,y 4H*,nan,3d6.(3H).4d,4G,nan,44.0,36.0
19,236.84746275,113454545.45454545,3d6.(3H).4p,z 4I*,nan,3d6.(3H).4d,4H,nan,52.0,44.0
20,519.63331,32000000.0,3d6.(5D).4d,6P,nan,3d6.(5D<2>).4f,2[1]*,nan,18.0,6.0
21,247.523668,126000000.0,3d6.(3P2).4p,z 2P*,nan,3d6.(3P2).4d,4P,nan,6.0,6.0
22,637.94343,3480000.0,3d6.(5D).4d,4P,nan,3d6.(5D<2>).4f,2[2]*,nan,12.0,10.0
23,187.26422,39444444.44444445,3d5.4s2,b 4G,nan,3d5.(2F1).4s.4p.(3P*),4G*,nan,36.0,36.0
24,238.38441,15500000.0,3d6.(3F2).4p,x 4D*,nan,3d6.(3F2).4d,4G,nan,20.0,36.0
25,244.07840220000003,116333333.33333333,3d6.(5D).4p,z 6F*,nan,3d6.(5D).4d,e 6F,nan,42.0,42.0
26,550.01017,7257142.857142857,3d6.(5D).4d,6S,nan,3d6.(5D<2>).4f,2[3]*,nan,6.0,14.0
27,515.089681,40909090.90909091,3d6.(5D).4d,6P,nan,3d6.(5D<2>).4f,2[5]*,nan,18.0,22.0
28,841.43059,8000000.0,3d6.(5D).5s,e 4D,nan,3d6.(3P1).4p,4P*,nan,20.0,8.0
29,1736.3120450000001,491666.6666666667,3d6.(5D).4d,4S,nan,3d6.(5D).5p,4P*,nan,4.0,12.0
30,1647.46513,328888.8888888889,3d6.(5D).4d,e 6F,nan,3d5.(4P).4s.4p.(3P*),6P*,nan,42.0,18.0
31,228.6886475,141909090.9090909,3d6.(3H).4p,z 2G*,nan,3d6.(3F2).4d,2H,nan,18.0,22.0
32,237.989565,12000000.0,3d6.(1S2).4s,a 2S,nan,3d5.(6S).4s.4p.(1P*),x 6P*,nan,2.0,18.0
33,713.00546,3833333.3333333335,3d6.(5D).5p,6F*,nan,3d6.(5D).5d,6D,nan,42.0,30.0
34,877.7519050000001,19384615.384615384,3d6.(3H).5s,e 4H,nan,3d6.(3H).5p,4I*,nan,44.0,52.0
35,168.26300700000002,2657142.8571428573,3d7,a 4F,nan,3d6.(3F2).4p,y 4F*,nan,28.0,28.0
36,277.1065255,74900000.0,3d6.(3D).4p,w 4D*,nan,3d6.(3D).5s,4D,nan,20.0,20.0
37,510.21559,60545454.54545455,3d6.(5D).4d,6D,nan,3d6.(5D<3>).4f,2[5]*,nan,30.0,22.0
38,535.774,7857142.857142857,3d6.(5D).4d,e 6G,nan,3d6.(5D<3>).4f,2[3]*,nan,54.0,14.0
39,1681.3132975,1057857.142857143,3d6.(5D).4d,e 6G,nan,3d6.(5D).5p,4F*,nan,54.0,28.0
40,525.935676,4000000.0,3d6.(5D).4d,6P,nan,3d6.(5D<3>).4f,2[4]*,nan,18.0,18.0
41,238.911583,9323076.923076924,3d7,a 2H,nan,3d6.(3H).4p,z 2I*,nan,22.0,26.0
42,239.7135925,44642857.14285714,3d6.(3H).4p,z 2G*,nan,3d6.(5D).5d,4F,nan,18.0,28.0
43,268.162031,20000000.0,3d6.(3G).4p,y 2H*,nan,3d6.(3H).4d,2G,nan,22.0,18.0
44,1618.82656,630000.0,3d6.(5D).4d,f 4D,nan,3d6.(3P1).5p,4P*,nan,20.0,4.0
45,237.246607,79428571.42857143,3d6.(3H).4p,z 4G*,nan,3d6.(3P2).4d,2F,nan,36.0,14.0
46,264.242862,44500000.0,3d6.(3P2).4p,z 4S*,nan,3d6.(3P2).5s,4P,nan,4.0,12.0
47,463.357351,0.0004568181818181818,3d6.(5D).4s,a 6D,nan,3d6.(3H).4s,a 4H,nan,30.0,44.0
48,533.0086200000001,8500000.0,3d6.(5D).4d,e 6G,nan,3d6.(5D<2>).4f,2[2]*,nan,54.0,10.0
49,242.881248,134615.38461538462,3d7,a 2H,nan,3d6.(3H).4p,z 4I*,nan,22.0,52.0
50,527.4035166666666,38366666.666666664,3d6.(5D).4d,f 4D,nan,3d6.(5D<2>).4f,2[4]*,nan,20.0,18.0
51,1742.4798942857142,1489000.0,3d6.(5D).4d,f 4D,nan,3d6.(5D).5p,4D*,nan,20.0,20.0
52,226.10818385714288,6435714.285714285,3d6.(5D).4s,a 6D,nan,3d6.(5D).4p,z 4F*,nan,30.0,28.0
53,237.050129,22615384.615384616,3d6.(3G).4p,y 4H*,nan,3d6.(1I).5s,2I,nan,44.0,26.0
54,690.75567,28333333.333333332,3d6.(5D).5p,6F*,nan,3d6.(5D).5d,4G,nan,42.0,36.0
55,2354.2873833333338,890900.0,3d6.(5D).4d,e 4F,nan,3d6.(5D).5p,4D*,nan,28.0,20.0
56,275.02914125,122300000.0,3d6.(3D).4p,w 4F*,nan,3d6.(3D).5s,4D,nan,28.0,20.0
57,587.12276,38171428.571428575,3d6.(5D).4d,e 4F,nan,3d6.(5D<2>).4f,2[3]*,nan,28.0,14.0
58,777.56168,1616666.6666666667,3d6.(5D).5p,4P*,nan,3d6.(3F2).4d,4P,nan,12.0,12.0
59,276.7421025,3085714.285714286,3d6.(3G).4s,a 4G,nan,3d6.(3F2).4p,y 4F*,nan,36.0,28.0
60,575.0620799999999,21533333.333333332,3d6.(5D).4d,4S,nan,3d6.(5D<4>).4f,2[1]*,nan,4.0,6.0
61,1730.958035,720000.0,3d6.(5D).4d,e 6G,nan,3d6.(5D).5p,4D*,nan,54.0,20.0
62,271.64474520000005,136863636.36363637,3d6.(3H).4p,z 4I*,nan,3d6.(3H).5s,e 4H,nan,52.0,44.0
63,246.40110057142854,464250000.0,3d6.(5D).4p,z 4F*,nan,3d6.(5D).4d,e 4G,nan,28.0,36.0
64,231.0374685,176142857.14285713,3d6.(3F1).4s,c 4F,nan,3d6.(3F1).4p,u 4F*,nan,28.0,28.0
65,235.03067466666664,447576923.0769231,3d6.(3H).4p,z 4I*,nan,3d6.(3H).4d,4I,nan,52.0,52.0
66,256.0733625,186857142.85714287,3d6.(3G).4s,b 2G,nan,3d6.(3G).4p,y 2F*,nan,18.0,14.0
67,1324.684055,3476666.6666666665,3d6.(5D).4d,6D,nan,3d6.(5D).5p,w 6P*,nan,30.0,18.0
68,273.2763076666667,7427777.777777778,3d6.(3F2).4s,a 2F,nan,3d6.(3F2).4p,y 4G*,nan,14.0,36.0
69,522.3588474999999,103157142.85714285,3d6.(5D).4d,e 6G,nan,3d6.(5D<1>).4f,2[3]*,nan,54.0,14.0
70,551.42683,13566666.666666666,3d6.(5D).4d,e 4G,nan,3d6.(5D<2>).4f,2[4]*,nan,36.0,18.0
71,919.94458,19600000.0,3d6.(5D).5s,e 4D,nan,3d6.(3P1).5p,4P*,nan,20.0,4.0
72,709.59182,3644444.4444444445,3d6.(5D).5p,4F*,nan,3d6.(5D).5d,4D,nan,28.0,18.0
73,284.872049,38400000.0,3d6.(3D).4p,x 2D*,nan,3d6.(3D).5s,2D,nan,10.0,10.0
74,691.05401,3166666.6666666665,3d6.(5D).5p,4D*,nan,3d6.(5D).5d,6G,nan,20.0,54.0
75,665.9833699999999,19800000.0,3d6.(5D).4d,4P,nan,3d6.(5D<4>).4f,2[1]*,nan,12.0,6.0
76,283.6805435,1596153.8461538462,3d6.(3H).4s,b 2H,nan,3d6.(3H).4p,z 4I*,nan,22.0,52.0
77,254.03969274999997,145611111.1111111,3d6.(3H).4s,a 4H,nan,3d6.(3H).4p,z 4G*,nan,44.0,36.0
78,221.828222625,295600000.0,3d6.(5D).4p,z 6D*,nan,3d6.(5D).4d,6D,nan,30.0,30.0
79,208.8256375,1015555.5555555555,3d7,a 2G,nan,3d6.(3F2).4p,y 4G*,nan,18.0,36.0
80,273.07267144444444,217034857.14285713,3d6.(5D).4s,a 4D,nan,3d6.(5D).4p,z 4F*,nan,20.0,28.0
81,465.828004,4200.0,3d5.4s2,a 6S,nan,3d6.(5D).4p,z 4D*,nan,6.0,20.0
82,506.98283999999995,36340000.0,3d6.(5D).4d,6D,nan,3d6.(5D<2>).4f,2[2]*,nan,30.0,10.0
83,570.48401,3720000.0,3d6.(5D).4d,6S,nan,3d6.(5D<4>).4f,2[2]*,nan,6.0,10.0
84,537.9997366666666,26284615.384615384,3d6.(5D).4d,e 6G,nan,3d6.(5D<4>).4f,2[6]*,nan,54.0,26.0
85,2857.3004,24833.333333333332,3d6.(5D<2>).4f,2[1]*,nan,3d6.(5D).5d,4P,nan,6.0,12.0
86,250.408054,39818181.81818182,3d6.(3G).4s,a 4G,nan,3d6.(3H).4p,z 2H*,nan,36.0,22.0
87,241.19014900000002,444615384.61538464,3d6.(3G).4p,y 2H*,nan,3d6.(3G).4d,2I,nan,22.0,26.0
88,802.25054,1150000.0,3d6.(3P1).4p,4P*,nan,3d6.(3F2).4d,4P,nan,8.0,12.0
89,239.622386,42727272.72727273,3d6.(3F2).4p,z 2F*,nan,3d6.(3H).4d,2H,nan,14.0,22.0
90,524.49046,59272727.27272727,3d6.(5D).4d,e 6G,nan,3d6.(5D<2>).4f,2[5]*,nan,54.0,22.0
91,289.040791,2994285.714285714,3d6.(3F2).4s,a 2F,nan,3d6.(3F2).4p,y 4F*,nan,14.0,28.0
92,247.637236,232100000.0,3d6.(3F2).4s,b 4F,nan,3d6.(3F2).4p,x 4D*,nan,28.0,20.0
93,685.75164,1450000.0,3d6.(3P1).5p,4P*,nan,3d6.(5D).5d,4G,nan,4.0,36.0
94,550.5660625,37890909.09090909,3d6.(5D).4d,e 4G,nan,3d6.(5D<3>).4f,2[5]*,nan,36.0,22.0
95,578.17308,20307692.307692308,3d6.(5D).4d,e 4F,nan,3d6.(5D<3>).4f,2[6]*,nan,28.0,26.0
96,243.20952866666667,22638461.53846154,3d6.(3H).4s,a 4H,nan,3d6.(3H).4p,z 2I*,nan,44.0,26.0
97,268.9475725,147727272.72727272,3d6.(3G).4s,b 2G,nan,3d6.(3G).4p,y 2H*,nan,18.0,22.0
98,540.41131,8828571.42857143,3d6.(5D).4d,f 4D,nan,3d6.(5D<3>).4f,2[3]*,nan,20.0,14.0
99,557.95573,8466666.666666666,3d6.(5D).4d,6S,nan,3d6.(5D<3>).4f,2[1]*,nan,6.0,6.0
100,240.66449525000002,251857142.85714287,3d6.(3P2).4p,y 4D*,nan,3d6.(3P2).4d,4F,nan,20.0,28.0
101,603.7240800000001,20988888.888888888,3d6.(5D).4d,e 4F,nan,3d6.(5D<4>).4f,2[4]*,nan,28.0,18.0
102,250.9884245,217666666.66666666,3d6.(3G).4s,b 2G,nan,3d6.(3G).4p,x 2G*,nan,18.0,18.0
103,276.12104850000003,172307692.30769232,3d6.(3H).4s,b 2H,nan,3d6.(3H).4p,z 2I*,nan,22.0,26.0
104,551.26184,9200000.0,3d6.(5D).4d,4S,nan,3d6.(5D<1>).4f,2[2]*,nan,4.0,10.0
105,320.71553660000006,7280000.0,3d7,a 4P,nan,3d6.(5D).4p,z 4D*,nan,12.0,20.0
106,270.3865173333333,29941538.46153846,3d6.(3G).4s,a 4G,nan,3d6.(3H).4p,z 2I*,nan,36.0,26.0
107,261.29672166666666,1225000.0,3d6.(3G).4s,a 4G,nan,3d6.(3F2).4p,y 4G*,nan,36.0,36.0
108,768.2827725,0.006921666666666666,3d6.(5D).4s,a 6D,nan,3d7,a 4P,nan,30.0,12.0
109,237.090651,25777777.777777776,3d6.(3F2).4p,x 4D*,nan,3d6.(3H).4d,2G,nan,20.0,18.0
110,270.36701,54700000.0,3d6.(3P1).4s,c 4P,nan,3d6.(3P1).4p,v 4D*,nan,12.0,20.0
111,4087.58245,28700.0,3d6.(5D).4d,4P,nan,3d6.(5D).5p,4D*,nan,12.0,20.0
112,319.478057,1114285.7142857143,3d6.(3G).4s,b 2G,nan,3d6.(3F2).4p,y 4F*,nan,18.0,28.0
113,242.9604236,304955555.5555556,3d6.(5D).4p,z 6P*,nan,3d6.(5D).4d,6P,nan,18.0,18.0
114,349.87517049999997,197142.85714285713,3d6.(1G2).4s,c 2G,nan,3d6.(3F2).4p,y 4F*,nan,18.0,28.0
115,269.826107,55000000.0,3d6.(3D).4s,b 2D,nan,3d6.(3D).4p,y 2P*,nan,10.0,6.0
116,768.74627,7513333.333333333,3d5.(4P).4s.4p.(3P*),6P*,nan,3d6.(5D).6s,6D,nan,18.0,30.0
117,252.73528149999999,151142857.14285713,3d6.(3D).4s,b 2D,nan,3d6.(3D).4p,w 2F*,nan,10.0,14.0
118,537.17723,3500000.0,3d6.(5D).4d,6P,nan,3d6.(5D<4>).4f,2[4]*,nan,18.0,18.0
119,538.7855599999999,15440000.0,3d6.(5D).4d,f 4D,nan,3d6.(5D<2>).4f,2[2]*,nan,20.0,10.0
120,243.41735,9777777.777777778,3d6.(1D2).4s,c 2D,nan,3d5.(6S).4s.4p.(1P*),x 6P*,nan,10.0,18.0
121,575.7095449999999,25855555.555555556,3d6.(5D).4d,e 4F,nan,3d6.(5D<1>).4f,2[4]*,nan,28.0,18.0
122,551.3274133333333,39911111.11111111,3d6.(5D).4d,f 4D,nan,3d6.(5D<4>).4f,2[4]*,nan,20.0,18.0
123,558.9584,2800000.0,3d6.(5D).4d,6S,nan,3d6.(5D<3>).4f,2[3]*,nan,6.0,14.0
124,114.49392,100000000.0,3d6.(5D).4s,a 6D,nan,3d5.(4G).4s.4p.(3P*),y 6F*,nan,30.0,42.0
125,236.4048815,166714285.7142857,3d6.(3P2).4p,z 2D*,nan,3d6.(3P2).4d,2F,nan,10.0,14.0
126,533.26182,21400000.0,3d6.(5D).4d,f 4D,nan,3d6.(5D<1>).4f,2[2]*,nan,20.0,10.0
127,245.60504224999997,232363636.36363637,3d6.(3G).4s,a 4G,nan,3d6.(3G).4p,y 4H*,nan,36.0,44.0
128,260.6691565,218200000.0,3d6.(3D).4s,b 2D,nan,3d6.(3D).4p,x 2D*,nan,10.0,10.0
129,531.0486133333333,17527272.727272727,3d6.(5D).4d,e 6G,nan,3d6.(5D<3>).4f,2[5]*,nan,54.0,22.0
130,500.48474699999997,39128571.428571425,3d6.(5D).4d,e 6F,nan,3d6.(5D<3>).4f,2[3]*,nan,42.0,14.0
131,543.6194849999999,50153846.15384615,3d6.(5D).4d,e 4G,nan,3d6.(5D<3>).4f,2[6]*,nan,36.0,26.0
132,230.3031,440000.0,3d7,a 2H,nan,3d6.(3F2).4p,y 4G*,nan,22.0,36.0
133,237.46787899999998,90000000.0,3d6.(3F2).4p,x 4D*,nan,3d6.(3H).4d,4F,nan,20.0,28.0
134,235.649905,17500000.0,3d6.(3F2).4p,z 2F*,nan,3d6.(3H).4d,4F,nan,14.0,28.0
135,273.325655,32666.666666666668,3d7,a 4F,nan,3d6.(5D).4p,z 6D*,nan,28.0,30.0
136,244.311601,150000000.0,3d6.(3F2).4p,y 2G*,nan,3d6.(3F2).4d,2H,nan,18.0,22.0
137,765.8516722222222,43455555.55555555,3d6.(5D).5s,e 6D,nan,3d6.(5D).5p,w 6P*,nan,30.0,18.0
138,257.05495,74000000.0,3d6.(1S2).4s,a 2S,nan,3d6.(1S2).4p,x 2P*,nan,2.0,6.0
139,3241.5972,16285.714285714286,3d6.(5D).4d,4P,nan,3d6.(5D).5p,4F*,nan,12.0,28.0
140,238.897496,36200000.0,3d6.(3F2).4p,y 2D*,nan,3d6.(3G).4d,4D,nan,10.0,20.0
141,239.407121,16666666.666666666,3d6.(3G).4p,y 4H*,nan,3d6.(3G).4d,4G,nan,44.0,36.0
142,283.559462,48333333.333333336,3d6.(5D).4p,z 6P*,nan,3d6.(5D).5s,e 6D,nan,18.0,30.0
143,545.16097,12914285.714285715,3d6.(5D).4d,e 4G,nan,3d6.(5D<0>).4f,2[3]*,nan,36.0,14.0
144,242.80607757142857,247800000.0,3d6.(3D).4s,b 4D,nan,3d6.(3D).4p,w 4D*,nan,20.0,20.0
145,523.80791,8533333.333333334,3d6.(5D).4d,6P,nan,3d6.(5D<3>).4f,2[1]*,nan,18.0,6.0
146,247.16258,196800000.0,3d6.(3G).4p,y 2F*,nan,3d6.(3G).4d,2D,nan,14.0,10.0
147,271.402151,60714285.71428572,3d6.(3D).4s,b 2D,nan,3d6.(1G2).4p,x 2F*,nan,10.0,14.0
148,266.6442325,189222222.2222222,3d6.(3F2).4s,a 2F,nan,3d6.(3F2).4p,y 2G*,nan,14.0,18.0
149,635.89191,15777777.777777778,3d6.(5D).4d,4P,nan,3d6.(5D<2>).4f,2[4]*,nan,12.0,18.0
150,234.785159,19733333.333333332,3d6.(3H).4p,z 4I*,nan,3d6.(3H).4d,2K,nan,52.0,30.0
151,205.799087,800000.0,3d7,a 4P,nan,3d6.(3F2).4p,y 4F*,nan,12.0,28.0
152,551.7950960000001,38020000.0,3d6.(5D).4d,f 4D,nan,3d6.(5D<4>).4f,2[2]*,nan,20.0,10.0
153,546.2396200000001,34666666.666666664,3d6.(5D).4d,f 4D,nan,3d6.(5D<3>).4f,2[1]*,nan,20.0,6.0
154,289.917333,19444444.444444444,3d6.(3G).4p,x 2G*,nan,3d6.(3H).4d,2G,nan,18.0,18.0
155,925.834425,14044444.444444444,3d6.(5D).5s,e 6D,nan,3d5.(4P).4s.4p.(3P*),6P*,nan,30.0,18.0
156,504.21327279999997,61233333.333333336,3d6.(5D).4d,e 6F,nan,3d6.(5D<4>).4f,2[4]*,nan,42.0,18.0
157,258.31793300000004,148818181.8181818,3d6.(1G2).4s,c 2G,nan,3d6.(1G2).4p,x 2H*,nan,18.0,22.0
158,244.125445,195857142.85714287,3d6.(3G).4p,y 2F*,nan,3d6.(3G).4d,2F,nan,14.0,14.0
159,669.9083033333334,9420000.0,3d6.(5D).4d,4P,nan,3d6.(5D<4>).4f,2[2]*,nan,12.0,10.0
160,234.94939233333332,275933333.3333333,3d6.(5D).4s,a 6D,nan,3d6.(5D).4p,z 6P*,nan,30.0,18.0
161,486.20375,4576923.076923077,3d6.(5D).4d,e 6F,nan,3d6.(5D<3>).4f,2[6]*,nan,42.0,26.0
162,835.86824,1280000.0,3d6.(3F1).4p,4G*,nan,3d6.(5D).6s,6D,nan,36.0,30.0
163,253.117842,14000000.0,3d6.(3H).4p,z 2H*,nan,3d6.(3F2).4d,4G,nan,22.0,36.0
164,237.954613,34857142.85714286,3d6.(3H).4p,z 2G*,nan,3d6.(3P2).4d,4F,nan,18.0,28.0
165,671.07316,1822222.2222222222,3d6.(5D).4d,4P,nan,3d6.(5D<4>).4f,2[4]*,nan,12.0,18.0
166,286.02511,59692307.692307696,3d6.(1I).4p,w 2H*,nan,3d6.(1I).5s,2I,nan,22.0,26.0
167,713.2948200000001,11345000.0,3d6.(5D).5p,6F*,nan,3d6.(5D).5d,6F,nan,42.0,40.0
168,219.83180779999998,179200000.0,3d6.(5D).4p,z 6D*,nan,3d6.(5D).4d,6P,nan,30.0,18.0
169,234.886526,51000000.0,3d6.(3P2).4p,z 2P*,nan,3d6.(3F2).4d,2D,nan,6.0,10.0
170,247.4104335,5485714.285714285,3d6.(3H).4s,a 4H,nan,3d6.(3F2).4p,y 4F*,nan,44.0,28.0
171,236.125275,8880000.0,3d6.(5D).4p,z 6F*,nan,3d6.(5D).4d,f 4D,nan,42.0,20.0
172,298.652405,48428571.428571425,3d6.(3F2).4p,y 2D*,nan,3d6.(3F2).5s,e 2F,nan,10.0,14.0
173,1066.18549,241666.66666666666,3d6.(3H).5s,e 4H,nan,3d5.(2F1).4s.4p.(3P*),4G*,nan,44.0,36.0
174,178.808264,293333333.3333333,3d5.4s2,a 6S,nan,3d6.(1D2).4p,w 2P*,nan,6.0,6.0
175,318.2819855,750714.2857142857,3d7,a 4P,nan,3d6.(5D).4p,z 4F*,nan,12.0,28.0
176,751.1077,1051428.5714285714,3d6.(5D).5p,w 6P*,nan,3d6.(3H).4d,2F,nan,18.0,14.0
177,232.832741,15500000.0,3d6.(3P2).4p,z 2D*,nan,3d6.(3H).4d,4G,nan,10.0,36.0
178,235.073569,34285714.28571428,3d6.(3H).4p,z 4G*,nan,3d6.(3P2).4d,4F,nan,36.0,28.0
179,1764.0775833333335,684615.3846153846,3d6.(3H).4d,4I,nan,3d6.(3H).5p,4I*,nan,52.0,52.0
180,1392.6293100000003,2761111.111111111,3d6.(5D).4d,6P,nan,3d6.(5D).5p,w 6P*,nan,18.0,18.0
181,556.13384,3840000.0,3d6.(5D).4d,e 4G,nan,3d6.(5D<2>).4f,2[2]*,nan,36.0,10.0
182,3023.8457,48333.333333333336,3d6.(5D<1>).4f,2[2]*,nan,3d6.(5D).5d,4P,nan,10.0,12.0
183,245.78959275,227100000.0,3d6.(3P2).4s,b 4P,nan,3d6.(3P2).4p,y 4D*,nan,12.0,20.0
184,480.84701925,0.47000000000000003,3d6.(5D).4s,a 6D,nan,3d6.(3P2).4s,b 4P,nan,30.0,12.0
185,1731.8621369999996,3159380.9523809524,3d6.(5D).4d,e 6G,nan,3d6.(5D).5p,6F*,nan,54.0,42.0
186,270.12837683333333,116000000.0,3d6.(3G).4p,x 4G*,nan,3d6.(3G).5s,f 4G,nan,36.0,36.0
187,833.2234328571428,19700000.0,3d6.(5D).5p,4D*,nan,3d6.(5D).6s,4D,nan,20.0,20.0
188,259.4097835,473000000.0,3d6.(5D).4p,z 4P*,nan,3d6.(5D).4d,4S,nan,12.0,4.0
189,561.362725,15885714.285714285,3d6.(5D).4d,e 4G,nan,3d6.(5D<3>).4f,2[3]*,nan,36.0,14.0
190,228.05924299999998,47714285.71428572,3d6.(3F2).4p,y 4F*,nan,3d6.(3H).4d,4F,nan,28.0,28.0
191,242.512578,4600000.0,3d6.(3P2).4s,b 4P,nan,3d6.(3F2).4p,y 4F*,nan,12.0,28.0
192,596.33571,34153846.15384615,3d6.(5D).4d,e 4F,nan,3d6.(5D<4>).4f,2[6]*,nan,28.0,26.0
193,504.87514250000004,31080000.0,3d6.(5D).4d,e 6F,nan,3d6.(5D<4>).4f,2[2]*,nan,42.0,10.0
194,255.1120355,137454545.45454547,3d6.(3H).4s,b 2H,nan,3d6.(3H).4p,z 2H*,nan,22.0,22.0
195,167.346508,114285714.28571428,3d7,a 2G,nan,3d6.(3D).4p,w 2F*,nan,18.0,14.0
196,2305.5744,260000.0,3d6.(5D).4d,e 4F,nan,3d6.(3P1).5p,4P*,nan,28.0,4.0
197,232.70748,46400000.0,3d6.(3F1).4s,c 4F,nan,3d6.(3F1).4p,4D*,nan,28.0,20.0
198,236.5540695,108571428.57142857,3d6.(1G2).4s,c 2G,nan,3d6.(3D).4p,w 2F*,nan,18.0,14.0
199,2928.6839,11428.57142857143,3d6.(5D<3>).4f,2[5]*,nan,3d6.(3F2).4d,4F,nan,22.0,28.0
200,240.4268995,247714285.7142857,3d6.(1F).4s,c 2F,nan,3d6.(1F).4p,u 2F*,nan,14.0,14.0
201,266.71174933333333,55272727.27272727,3d6.(3H).4p,z 4G*,nan,3d6.(3H).5s,e 4H,nan,36.0,44.0
202,1877.0201299999999,583500.0,3d6.(5D).4d,e 4G,nan,3d6.(5D).5p,4P*,nan,36.0,12.0
203,233.2191325,301909090.90909094,3d6.(3H).4p,z 4H*,nan,3d6.(3H).4d,4H,nan,44.0,44.0
204,240.682144,600000.0,3d7,a 2D2,nan,3d6.(3F2).4p,y 4F*,nan,10.0,28.0
205,238.289081,150000000.0,3d6.(3F2).4p,x 4D*,nan,3d6.(3P2).4d,2D,nan,20.0,6.0
206,515.2015200000001,18100000.0,3d6.(5D).4d,6P,nan,3d6.(5D<2>).4f,2[4]*,nan,18.0,18.0
207,545.92385,11614285.714285715,3d6.(5D).4d,4S,nan,3d6.(5D<0>).4f,2[3]*,nan,4.0,14.0
208,510.40359233333334,16557142.857142856,3d6.(5D).4d,6D,nan,3d6.(5D<3>).4f,2[3]*,nan,30.0,14.0
209,596.98671,19140000.0,3d6.(5D).4d,e 4F,nan,3d6.(5D<3>).4f,2[2]*,nan,28.0,10.0
210,230.737886,71250000.0,3d6.(3P2).4p,z 4S*,nan,3d6.(3P2).4d,4D,nan,4.0,16.0
211,237.9167465,166384615.3846154,3d6.(3H).4p,z 2I*,nan,3d6.(3H).4d,2I,nan,26.0,26.0
212,248.83142999999998,150777777.7777778,3d6.(3G).4p,y 2F*,nan,3d6.(3G).4d,2G,nan,14.0,18.0
213,455.62324499999994,214714.2857142857,3d6.(3F2).4s,b 4F,nan,3d6.(5D).4p,z 4F*,nan,28.0,28.0
214,252.8339305,104714285.71428572,3d6.(1G2).4s,c 2G,nan,3d6.(1G2).4p,x 2F*,nan,18.0,14.0
215,238.4299305,70444444.44444445,3d6.(3F2).4p,y 2G*,nan,3d6.(3F2).4d,2G,nan,18.0,18.0
216,232.82168366666664,93818181.81818181,3d6.(3H).4p,z 4G*,nan,3d6.(3H).4d,4H,nan,36.0,44.0
217,552.003575,10842857.142857144,3d6.(5D).4d,e 4G,nan,3d6.(5D<2>).4f,2[3]*,nan,36.0,14.0
218,232.15724275,169800000.0,3d6.(3F2).4p,y 4F*,nan,3d6.(3F2).4d,4D,nan,28.0,20.0
219,939.1601175000001,31520000.0,3d6.(5D).5s,e 6D,nan,3d6.(5D).5p,6D*,nan,30.0,30.0
220,271.090642,128142857.14285715,3d6.(3F2).4s,a 2F,nan,3d6.(3F2).4p,z 2F*,nan,14.0,14.0
221,649.01948,4050000.0,3d6.(5D).5p,6D*,nan,3d6.(3F2).4d,4P,nan,30.0,12.0
222,226.3012465,1878000.0,3d6.(5D).4s,a 6D,nan,3d6.(5D).4p,z 4D*,nan,30.0,20.0
223,286.561396,104900000.0,3d6.(5D).4p,z 4D*,nan,3d6.(5D).5s,e 4D,nan,20.0,20.0
224,760.1288318181818,29173333.333333332,3d6.(5D).5p,6D*,nan,3d6.(5D).6s,6D,nan,30.0,30.0
225,550.77283,53200000.0,3d6.(5D).4d,e 4G,nan,3d6.(5D<4>).4f,2[7]*,nan,36.0,30.0
226,260.99158450000004,265133333.33333334,3d6.(1I).4s,a 2I,nan,3d6.(1I).4p,z 2K*,nan,26.0,30.0
227,779.127295,12800000.0,3d6.(5D).5p,w 6P*,nan,3d6.(5D).5d,6P,nan,18.0,18.0
228,325.3553945454546,0.2242,3d6.(5D).4s,a 6D,nan,3d6.(3D).4s,b 4D,nan,30.0,20.0
229,243.2930293333333,222909090.9090909,3d6.(3F2).4p,y 2G*,nan,3d6.(3H).4d,2H,nan,18.0,22.0
230,228.194413,136000000.0,3d6.(3F2).4p,x 4D*,nan,3d6.(5D).5d,4P,nan,20.0,12.0
231,3028.4859,9285.714285714286,3d6.(5D<3>).4f,2[6]*,nan,3d6.(3H).4d,4F,nan,26.0,28.0
232,243.41618,189333333.33333334,3d6.(1G1).4s,d 2G,nan,3d6.(1G1).4p,2G*,nan,18.0,18.0
233,266.505157,35357142.85714286,3d6.(3F1).4s,d 2F,nan,3d5.(4G).4s.4p.(3P*),v 4F*,nan,14.0,28.0
234,233.926096,1866666.6666666667,3d6.(5D).4p,z 6F*,nan,3d6.(5D).4d,e 4G,nan,42.0,36.0
235,511.74717499999997,52000000.0,3d6.(5D).4d,6D,nan,3d6.(5D<2>).4f,2[1]*,nan,30.0,6.0
236,1640.58734,85714.28571428571,3d6.(5D).4d,f 4D,nan,3d6.(5D).5p,4F*,nan,20.0,28.0
237,655.81249,8333333.333333333,3d6.(5D).4d,4P,nan,3d6.(5D<3>).4f,2[1]*,nan,12.0,6.0
238,1660.9782400000001,1086666.6666666667,3d6.(5D).4d,6S,nan,3d6.(5D).5p,w 6P*,nan,6.0,18.0
239,2889.8034,13071.42857142857,3d6.(5D<3>).4f,2[2]*,nan,3d6.(3F2).4d,4F,nan,10.0,28.0
240,558.14753,6720000.0,3d6.(5D).4d,4S,nan,3d6.(5D<2>).4f,2[2]*,nan,4.0,10.0
241,254.88143250000002,194230769.23076922,3d6.(3H).4p,z 2H*,nan,3d6.(3H).4d,2I,nan,22.0,26.0
242,649.87367,5121428.571428572,3d6.(5D).5p,6D*,nan,3d6.(3H).4d,4F,nan,30.0,28.0
243,2611.811,33571.42857142857,3d6.(5D<4>).4f,2[6]*,nan,3d6.(3H).4d,4F,nan,26.0,28.0
244,482.21746,3000000.0,3d6.(5D).4d,e 6F,nan,3d6.(5D<1>).4f,2[4]*,nan,42.0,18.0
245,550.4744,7590909.090909091,3d6.(5D).4d,f 4D,nan,3d6.(5D<4>).4f,2[5]*,nan,20.0,22.0
246,521.0924339999999,49028571.428571425,3d6.(5D).4d,6D,nan,3d6.(5D<4>).4f,2[3]*,nan,30.0,14.0
247,306.49167966666664,40400000.0,3d6.(5D).4p,z 4P*,nan,3d6.(5D).5s,e 4D,nan,12.0,20.0
248,175.40943049999998,130333333.33333333,3d7,a 2G,nan,3d6.(1G2).4p,w 2G*,nan,18.0,18.0
249,248.908732,181428571.42857143,3d6.(3F1).4s,d 2F,nan,3d6.(3F1).4p,2F*,nan,14.0,14.0
250,506.65178,7320000.0,3d6.(5D).4d,6D,nan,3d6.(5D<1>).4f,2[2]*,nan,30.0,10.0
251,245.19079349999998,152818181.8181818,3d6.(1I).4s,a 2I,nan,3d6.(1I).4p,w 2H*,nan,26.0,22.0
252,257.513692,240000000.0,3d6.(3P2).4s,b 4P,nan,3d6.(3P2).4p,z 4S*,nan,12.0,4.0
253,516.9406046666667,42457142.85714286,3d6.(5D).4d,6P,nan,3d6.(5D<2>).4f,2[3]*,nan,18.0,14.0
254,247.09450700000002,53909090.90909091,3d6.(3H).4p,z 2H*,nan,3d6.(3F2).4d,2H,nan,22.0,22.0
255,253.13203399999998,88777777.77777778,3d6.(3H).4p,z 2H*,nan,3d6.(3H).4d,2G,nan,22.0,18.0
256,772.75744,5988888.888888889,3d6.(5D).5p,4P*,nan,3d6.(5D).5d,4D,nan,12.0,18.0
257,1958.4103233333335,520000.0,3d6.(5D).4d,6P,nan,3d5.(4P).4s.4p.(3P*),6P*,nan,18.0,18.0
258,858.9591614285715,28118333.333333332,3d6.(5D).5s,e 4D,nan,3d6.(5D).5p,4P*,nan,20.0,12.0
259,237.6025015,74090909.0909091,3d6.(3G).4p,y 2H*,nan,3d6.(3G).4d,2H,nan,22.0,22.0
260,2324.8574,91500.0,3d6.(5D).4d,e 4F,nan,3d6.(5D).5p,4P*,nan,28.0,12.0
261,255.164728,237400000.0,3d6.(1F).4s,c 2F,nan,3d6.(1F).4p,v 2D*,nan,14.0,10.0
262,919.50636375,30250000.0,3d6.(5D).5s,e 4D,nan,3d6.(5D).5p,4D*,nan,20.0,20.0
263,585.4418450000001,25909090.90909091,3d6.(5D).4d,e 4F,nan,3d6.(5D<3>).4f,2[5]*,nan,28.0,22.0
264,521.729785,6553846.153846154,3d6.(5D).4d,6D,nan,3d6.(5D<4>).4f,2[6]*,nan,30.0,26.0
265,237.927915,7555555.555555556,3d6.(5D).4p,z 6F*,nan,3d6.(5D).4d,6P,nan,42.0,18.0
266,1699.92809,2375769.230769231,3d6.(3H).4d,4K,nan,3d6.(3H).5p,4I*,nan,60.0,52.0
267,820.3191175,9446428.57142857,3d6.(5D).5s,e 6D,nan,3d6.(5D).5p,4F*,nan,30.0,28.0
268,218.971798,378846.1538461539,3d7,a 2G,nan,3d6.(3H).4p,z 4I*,nan,18.0,52.0
269,940.92311,572222.2222222222,3d6.(5D).5s,e 4D,nan,3d6.(3F1).4p,4G*,nan,20.0,36.0
270,654.792185,15520000.0,3d5.(4P).4s.4p.(3P*),6P*,nan,3d6.(5D).5d,6D,nan,18.0,30.0
271,686.21915,3733333.3333333335,3d6.(5D).5p,6F*,nan,3d6.(5D).5d,4D,nan,42.0,18.0
272,244.47503214285715,246428571.42857143,3d6.(3D).4s,b 4D,nan,3d6.(3D).4p,w 4F*,nan,20.0,28.0
273,3458.9521,50000.0,3d6.(5D).4d,4P,nan,3d6.(3P1).5p,4P*,nan,12.0,4.0
274,654.6590399999999,50410000.0,3d6.(5D).5p,6D*,nan,3d6.(5D).5d,6F,nan,30.0,40.0
275,240.479258,160000000.0,3d6.(3G).4p,x 4F*,nan,3d6.(3F2).4d,2P,nan,28.0,4.0
276,251.666301,18000000.0,3d6.(3P2).4p,z 2P*,nan,3d6.(3P2).4d,4F,nan,6.0,28.0
277,234.24809166666668,337750000.0,3d6.(3P2).4p,y 4P*,nan,3d6.(3P2).4d,4D,nan,12.0,16.0
278,310.746503,752000.0,3d6.(3G).4s,b 2G,nan,3d6.(3F2).4p,x 4D*,nan,18.0,20.0
279,265.0177705,1400000.0,3d6.(3H).4s,b 2H,nan,3d6.(3F2).4p,y 4G*,nan,22.0,36.0
280,564.12486,4680000.0,3d6.(5D).4d,e 4G,nan,3d6.(5D<3>).4f,2[2]*,nan,36.0,10.0
281,286.671039,47090909.09090909,3d6.(3G).4s,b 2G,nan,3d6.(3H).4p,z 2H*,nan,18.0,22.0
282,2057.507453333333,311333.3333333333,3d6.(5D).4d,6P,nan,3d6.(5D).5p,6D*,nan,18.0,30.0
283,558.5312566666666,26200000.0,3d6.(5D).4d,e 4G,nan,3d6.(5D<4>).4f,2[6]*,nan,36.0,26.0
284,257.369123,113000000.0,3d6.(3F2).4p,y 2D*,nan,3d6.(3F2).4d,2F,nan,10.0,14.0
285,248.34251,223000000.0,3d6.(1G1).4s,d 2G,nan,3d6.(1G1).4p,2F*,nan,18.0,8.0
286,531.372775,10614285.714285715,3d6.(5D).4d,f 4D,nan,3d6.(5D<2>).4f,2[3]*,nan,20.0,14.0
287,2438.394733333333,91285.71428571429,3d6.(5D).4d,e 4F,nan,3d6.(5D).5p,6F*,nan,28.0,42.0
288,273.05229275,56055555.55555555,3d6.(3G).4p,x 4F*,nan,3d6.(3G).5s,f 4G,nan,28.0,36.0
289,273.150778,20000000.0,3d6.(3G).4p,x 2G*,nan,3d6.(3F2).4d,2G,nan,18.0,18.0
290,248.986094,577777.7777777778,3d6.(3P2).4s,b 4P,nan,3d5.(6S).4s.4p.(3P*),y 6P*,nan,12.0,18.0
291,896.517015,0.010050000000000002,3d7,a 4F,nan,3d7,a 4P,nan,28.0,12.0
292,1689.0253400000001,179615.38461538462,3d6.(3H).4d,4H,nan,3d6.(3H).5p,4I*,nan,44.0,52.0
293,160.259666,29555555.555555556,3d6.(5D).4p,z 6F*,nan,3d6.(5D).5d,6G,nan,42.0,54.0
294,240.8882572,249928571.42857143,3d6.(5D).4p,z 4F*,nan,3d6.(5D).4d,e 4F,nan,28.0,28.0
295,234.701383,19846153.846153848,3d6.(3F2).4p,y 4F*,nan,3d6.(3H).4d,2I,nan,28.0,26.0
296,245.93488166666668,255666666.66666666,3d6.(3D).4s,b 4D,nan,3d6.(3D).4p,w 4P*,nan,20.0,12.0
297,265.98701775,67857142.85714285,3d6.(3F2).4p,y 4F*,nan,3d6.(3F2).5s,f 4F,nan,28.0,28.0
298,556.49328,4328571.428571428,3d6.(5D).4d,4S,nan,3d6.(5D<2>).4f,2[3]*,nan,4.0,14.0
299,259.542172,52909090.90909091,3d6.(3G).4p,y 2H*,nan,3d6.(3H).4d,2H,nan,22.0,22.0
300,175.76399114285712,1159500000.0,3d5.(6S).4s.4p.(3P*),z 8P*,nan,3d5.4s.(7S).4d,8D,nan,24.0,40.0
301,266.6782605,139111111.1111111,3d6.(3F1).4s,d 2F,nan,3d6.(3F1).4p,u 2G*,nan,14.0,18.0
302,247.5294015,207400000.0,3d6.(1D2).4s,c 2D,nan,3d6.(1D2).4p,w 2D*,nan,10.0,10.0
303,457.1834766,785200.0,3d6.(3F2).4s,b 4F,nan,3d6.(5D).4p,z 4D*,nan,28.0,20.0
304,1781.9699233333333,229714.2857142857,3d6.(5D).4d,f 4D,nan,3d6.(5D).5p,6F*,nan,20.0,42.0
305,239.6081815,12600000.0,3d6.(5D).4p,z 6P*,nan,3d6.(5D).4d,f 4D,nan,18.0,20.0
306,245.808323,48545454.54545455,3d6.(3H).4p,z 2H*,nan,3d6.(3H).4d,2H,nan,22.0,22.0
307,254.4581447142857,196600000.0,3d6.(3F2).4s,b 4F,nan,3d6.(3F2).4p,y 4F*,nan,28.0,28.0
308,649.78664,13257142.857142856,3d6.(5D).4d,4P,nan,3d6.(5D<3>).4f,2[3]*,nan,12.0,14.0
309,262.489617,15909090.909090908,3d6.(3G).4p,y 2H*,nan,3d6.(3F2).4d,2H,nan,22.0,22.0
310,902.0944383333334,7640000.0,3d6.(5D).5p,4P*,nan,3d6.(5D).6s,4D,nan,12.0,20.0
311,248.2516295,199800000.0,3d6.(3F2).4p,y 2D*,nan,3d6.(3F2).4d,2D,nan,10.0,10.0
312,497.26027,14066666.666666666,3d6.(5D).4d,e 6F,nan,3d6.(5D<2>).4f,2[1]*,nan,42.0,6.0
313,503.04954,10333333.333333334,3d6.(5D).4d,e 6F,nan,3d6.(5D<3>).4f,2[1]*,nan,42.0,6.0
314,551.21711,2555555.5555555555,3d6.(5D).4d,e 4G,nan,3d6.(5D<3>).4f,2[4]*,nan,36.0,18.0
315,261.5584256923077,270520000.0,3d6.(5D).4s,a 6D,nan,3d6.(5D).4p,z 6D*,nan,30.0,30.0
316,251.132047,6844444.444444444,3d6.(5D).4p,z 4D*,nan,3d6.(5D).4d,6P,nan,20.0,18.0
317,254.43271349999998,96000000.0,3d6.(1I).4s,a 2I,nan,3d6.(1G2).4p,x 2H*,nan,26.0,22.0
318,245.652126,61055555.55555555,3d6.(5D).4p,z 4D*,nan,3d6.(5D).4d,e 4G,nan,20.0,36.0
319,240.1788065,239428571.42857143,3d6.(3F2).4p,z 2F*,nan,3d6.(3F2).4d,2F,nan,14.0,14.0
320,772.79735,1057142.857142857,3d6.(5D).5p,w 6P*,nan,3d6.(3P2).4d,4F,nan,18.0,28.0
321,242.366869,828571.4285714285,3d7,a 2H,nan,3d6.(3F2).4p,y 4F*,nan,22.0,28.0
322,251.268094,163000000.0,3d6.(3P1).4s,c 2P,nan,3d6.(3F1).4p,2D*,nan,6.0,6.0
323,645.69368,12000000.0,3d6.(5D).4d,4P,nan,3d6.(5D<2>).4f,2[1]*,nan,12.0,6.0
324,224.83165027272727,453476190.47619045,3d6.(5D).4p,z 6D*,nan,3d6.(5D).4d,e 6F,nan,30.0,42.0
325,237.57551775000002,542692307.6923077,3d6.(3G).4p,y 4H*,nan,3d6.(3G).4d,4I,nan,44.0,52.0
326,834.1563,5493333.333333333,3d6.(5D).5p,4F*,nan,3d6.(5D).6s,6D,nan,28.0,30.0
327,265.32458175000005,129400000.0,3d6.(5D).4p,z 4P*,nan,3d6.(5D).4d,f 4D,nan,12.0,20.0
328,523.940711,14045454.545454545,3d6.(5D).4d,6P,nan,3d6.(5D<3>).4f,2[5]*,nan,18.0,22.0
329,525.0430066666667,100492307.6923077,3d6.(5D).4d,e 6G,nan,3d6.(5D<3>).4f,2[6]*,nan,54.0,26.0
330,2036.66942,51900.0,3d6.(5D).4d,4S,nan,3d6.(5D).5p,4D*,nan,4.0,20.0
331,249.655103625,275782692.3076923,3d6.(3H).4s,a 4H,nan,3d6.(3H).4p,z 4I*,nan,44.0,52.0
332,2532.2296,30666.666666666668,3d6.(5D).4d,6S,nan,3d5.(4P).4s.4p.(3P*),6P*,nan,6.0,18.0
333,540.549385,23666666.666666668,3d6.(5D).4d,f 4D,nan,3d6.(5D<2>).4f,2[1]*,nan,20.0,6.0
334,243.8835225,32642857.14285714,3d6.(3G).4p,x 4G*,nan,3d6.(3F2).4d,4F,nan,36.0,28.0
335,238.003522,53333333.333333336,3d6.(1S2).4s,a 2S,nan,3d6.(1D2).4p,w 2P*,nan,2.0,6.0
336,515.03328,9660000.0,3d6.(5D).4d,6D,nan,3d6.(5D<3>).4f,2[2]*,nan,30.0,10.0
337,682.10006,5433333.333333333,3d6.(5D).5p,4P*,nan,3d6.(5D).5d,4P,nan,12.0,12.0
338,243.059899,19285714.285714287,3d6.(3G).4p,x 4G*,nan,3d6.(3H).4d,4F,nan,36.0,28.0
339,236.401835,15750000.0,3d6.(3P2).4p,z 2D*,nan,3d6.(5D).5d,6F,nan,10.0,40.0
340,825.21068,21400000.0,3d6.(5D).5p,4F*,nan,3d6.(5D).6s,4D,nan,28.0,20.0
341,232.92360399999998,286733333.3333333,3d6.(3H).4p,z 4H*,nan,3d6.(3H).4d,4K,nan,44.0,60.0
342,637.33656,18340000.0,3d6.(5D).4d,4P,nan,3d6.(5D<1>).4f,2[2]*,nan,12.0,10.0
343,605.11128,5485714.285714285,3d6.(5D).4d,e 4F,nan,3d6.(5D<4>).4f,2[3]*,nan,28.0,14.0
344,332.596311,97142.85714285714,3d7,b 2F,nan,3d6.(3F2).4p,y 4F*,nan,14.0,28.0
345,698.93227,7173333.333333333,3d6.(5D).5p,4D*,nan,3d6.(5D).5d,6D,nan,20.0,30.0
346,267.17487600000004,138538461.53846154,3d6.(1I).4p,z 2K*,nan,3d6.(1I).5s,2I,nan,30.0,26.0
347,298.54690400000004,1324444.4444444445,3d6.(3G).4s,b 2G,nan,3d6.(3F2).4p,y 4G*,nan,18.0,36.0
348,949.82727,399000.0,3d6.(3P1).4p,4P*,nan,3d6.(5D).6s,4D,nan,8.0,20.0
349,520.3806549999999,49333333.333333336,3d6.(5D).4d,6D,nan,3d6.(5D<4>).4f,2[1]*,nan,30.0,6.0
350,288.160141,977777.7777777778,3d6.(5D).4s,a 4D,nan,3d6.(5D).4p,z 6P*,nan,20.0,18.0
351,496.08788999999996,56120000.0,3d6.(5D).4d,e 6F,nan,3d6.(5D<2>).4f,2[2]*,nan,42.0,10.0
352,236.3001383333333,608000000.0,3d6.(5D).4p,z 6P*,nan,3d6.(5D).4d,6S,nan,18.0,6.0
353,163.739964,14400000.0,3d7,a 4F,nan,3d6.(3F2).4p,x 4D*,nan,28.0,20.0
354,2872.7501,33000.0,3d6.(5D<3>).4f,2[3]*,nan,3d6.(3F2).4d,4F,nan,14.0,28.0
355,263.1519803333333,56611111.11111111,3d6.(3F2).4s,b 4F,nan,3d6.(3H).4p,z 4G*,nan,28.0,36.0
356,502.9521976,148545454.54545453,3d6.(5D).4d,e 6F,nan,3d6.(5D<4>).4f,2[5]*,nan,42.0,22.0
357,238.00429924999997,123300000.0,3d6.(3F2).4p,x 4D*,nan,3d6.(3F2).4d,4D,nan,20.0,20.0
358,522.3778705,29822222.222222224,3d6.(5D).4d,6D,nan,3d6.(5D<4>).4f,2[4]*,nan,30.0,18.0
359,273.281702,2840000.0,3d6.(3H).4s,b 2H,nan,3d6.(3F2).4p,x 4D*,nan,22.0,20.0
360,551.6927233333333,33200000.0,3d6.(5D).4d,f 4D,nan,3d6.(5D<4>).4f,2[1]*,nan,20.0,6.0
361,489.9661785,17236363.636363637,3d6.(5D).4d,e 6F,nan,3d6.(5D<3>).4f,2[5]*,nan,42.0,22.0
362,251.114074,12777777.777777778,3d6.(3F2).4p,y 4G*,nan,3d6.(3H).4d,4G,nan,36.0,36.0
363,269.253525,2000000.0,3d6.(3G).4s,a 4G,nan,3d6.(3F2).4p,x 4D*,nan,36.0,20.0
364,534.3617449999999,15955555.555555556,3d6.(5D).4d,e 6G,nan,3d6.(5D<3>).4f,2[4]*,nan,54.0,18.0
365,234.360585,40400000.0,3d6.(3G).4p,x 4G*,nan,3d6.(3G).4d,4D,nan,36.0,20.0
366,231.54622700000002,110653846.15384616,3d6.(3H).4p,z 4H*,nan,3d6.(3H).4d,4I,nan,44.0,52.0
367,629.3566,27000000.0,3d6.(5D).4d,4P,nan,3d6.(5D<0>).4f,2[3]*,nan,12.0,14.0
368,237.593849625,95478000.0,3d7,a 4F,nan,3d6.(5D).4p,z 4D*,nan,28.0,20.0
369,270.749288,34615384.615384616,3d6.(3G).4p,y 2H*,nan,3d6.(3H).4d,2I,nan,22.0,26.0
370,233.8508765,201888888.8888889,3d6.(3H).4p,z 2G*,nan,3d6.(3H).4d,2G,nan,18.0,18.0
371,694.298525,6000000.0,3d6.(5D).5p,4D*,nan,3d6.(5D).5d,4D,nan,20.0,18.0
372,251.0505995,228833333.33333334,3d6.(3F1).4s,c 4F,nan,3d6.(3F1).4p,4G*,nan,28.0,36.0
373,274.249655,31200000.0,3d6.(3D).4p,y 2P*,nan,3d6.(3D).5s,2D,nan,6.0,10.0
374,562.90511,621.4285714285714,3d6.(3F2).4s,a 2F,nan,3d6.(5D).4p,z 4F*,nan,14.0,28.0
375,242.692999,28888888.888888888,3d6.(3G).4p,x 4G*,nan,3d6.(3F2).4d,2G,nan,36.0,18.0
376,522.8980066666667,80133333.33333333,3d6.(5D).4d,e 6G,nan,3d6.(5D<1>).4f,2[4]*,nan,54.0,18.0
377,283.6939285,76000000.0,3d6.(3P2).4s,b 2P,nan,3d6.(3P2).4p,z 2D*,nan,6.0,10.0
378,240.29701666666665,42866666.666666664,3d6.(5D).4p,z 6F*,nan,3d6.(5D).4d,6D,nan,42.0,30.0
379,504.88289249999997,58085714.28571428,3d6.(5D).4d,e 6F,nan,3d6.(5D<4>).4f,2[3]*,nan,42.0,14.0
380,535.691,3363636.3636363638,3d6.(5D).4d,f 4D,nan,3d6.(5D<3>).4f,2[5]*,nan,20.0,22.0
381,327.524651,465555.55555555556,3d6.(1G2).4s,c 2G,nan,3d6.(3F2).4p,y 4G*,nan,18.0,36.0
382,636.42186,3771428.5714285714,3d6.(5D).4d,4P,nan,3d6.(5D<2>).4f,2[3]*,nan,12.0,14.0
383,589.96608,7080000.0,3d6.(5D).4d,e 4F,nan,3d6.(5D<2>).4f,2[2]*,nan,28.0,10.0
384,690.069158,42566666.666666664,3d6.(5D).5p,4F*,nan,3d6.(5D).5d,4G,nan,28.0,36.0
385,649.11103,2720000.0,3d6.(5D).4d,4P,nan,3d6.(5D<3>).4f,2[2]*,nan,12.0,10.0
386,603.14543,5636363.636363637,3d6.(5D).4d,e 4F,nan,3d6.(5D<4>).4f,2[5]*,nan,28.0,22.0
387,273.811493,35500000.0,3d6.(3F2).4p,x 4D*,nan,3d6.(3F2).5s,f 4F,nan,20.0,28.0
388,257.7811165,6044444.444444444,3d5.4s2,a 6S,nan,3d5.(6S).4s.4p.(3P*),y 6P*,nan,6.0,18.0
389,655.63573,3740000.0,3d5.(4P).4s.4p.(3P*),6P*,nan,3d6.(5D).5d,6F,nan,18.0,40.0
390,763.468235,927777.7777777778,3d5.(4G).4s.4p.(3P*),v 4F*,nan,3d6.(5D).5d,4G,nan,28.0,36.0
391,269.504869,62000000.0,3d6.(3P2).4p,y 4P*,nan,3d6.(3P2).5s,4P,nan,12.0,12.0
392,514.71641,77000000.0,3d6.(5D).4d,6D,nan,3d6.(5D<3>).4f,2[0]*,nan,30.0,2.0
393,276.865880875,168533333.33333334,3d6.(5D).4p,z 6F*,nan,3d6.(5D).5s,e 6D,nan,42.0,30.0
394,829.80456,12680000.0,3d6.(5D).5p,6F*,nan,3d6.(5D).6s,4D,nan,42.0,20.0
395,280.011955,4428571.428571428,3d6.(3H).4s,b 2H,nan,3d6.(3F2).4p,y 4F*,nan,22.0,28.0
396,252.40311899999998,249333333.33333334,3d6.(1G2).4s,c 2G,nan,3d6.(1G2).4p,w 2G*,nan,18.0,18.0
397,1401.2445119999998,937619.0476190476,3d6.(5D).4d,e 6F,nan,3d6.(5D).5p,6F*,nan,42.0,42.0
398,273.34555666666665,94900000.0,3d6.(3F1).4s,c 4F,nan,3d6.(3P1).4p,v 4D*,nan,28.0,20.0
399,993.5559,344000.0,3d5.(4G).4s.4p.(3P*),v 4F*,nan,3d6.(5D).6s,4D,nan,28.0,20.0
400,272.819074,17222222.222222224,3d6.(3G).4s,a 4G,nan,3d6.(3H).4p,z 2G*,nan,36.0,18.0
401,200.102541,52777777.777777776,3d7,a 2H,nan,3d6.(3G).4p,x 2G*,nan,22.0,18.0
402,1824.4587866666668,614111.1111111111,3d6.(5D).4d,6D,nan,3d5.(4P).4s.4p.(3P*),6P*,nan,30.0,18.0
403,249.19047933333331,230714285.7142857,3d6.(3G).4p,x 2G*,nan,3d6.(3G).4d,2F,nan,18.0,14.0
404,238.56325375,205954545.45454547,3d6.(3G).4p,y 4H*,nan,3d6.(3G).4d,4H,nan,44.0,44.0
405,837.78287,1860000.0,3d6.(5D).5p,4D*,nan,3d6.(5D).6s,6D,nan,20.0,30.0
406,539.0632375,14172727.272727273,3d6.(5D).4d,e 6G,nan,3d6.(5D<4>).4f,2[5]*,nan,54.0,22.0
407,1415.6111,121428.57142857143,3d6.(5D).4d,e 6F,nan,3d6.(5D).5p,4F*,nan,42.0,28.0
408,243.173577,107000000.0,3d6.(3P1).4s,c 4P,nan,3d6.(3P1).4p,4S*,nan,12.0,4.0
409,236.173121,39428571.428571425,3d6.(3F2).4p,z 2F*,nan,3d6.(3F2).4d,4F,nan,14.0,28.0
410,279.62151775,95642857.14285715,3d6.(3F2).4p,y 4G*,nan,3d6.(3F2).5s,f 4F,nan,36.0,28.0
411,234.9824415,112000000.0,3d6.(3F2).4p,z 2F*,nan,3d6.(3F2).4d,2G,nan,14.0,18.0
412,248.81536300000002,248500000.0,3d6.(5D).4p,z 4D*,nan,3d6.(5D).4d,f 4D,nan,20.0,20.0
413,657.21957,57244444.44444445,3d6.(5D).5p,6D*,nan,3d6.(5D).5d,6P,nan,30.0,18.0
414,254.056791,2488888.888888889,3d6.(3F2).4s,b 4F,nan,3d5.(6S).4s.4p.(3P*),y 6P*,nan,28.0,18.0
415,202.140271,7320000.0,3d7,a 4P,nan,3d6.(3F2).4p,x 4D*,nan,12.0,20.0
416,290.9405565,28590909.09090909,3d6.(3F2).4p,y 4G*,nan,3d6.(3H).5s,e 4H,nan,36.0,44.0
417,188.30999300000002,109272727.27272727,3d7,a 2H,nan,3d6.(1I).4p,w 2H*,nan,22.0,22.0
418,514.57847,51000000.0,3d6.(5D).4d,6P,nan,3d6.(5D<1>).4f,2[2]*,nan,18.0,10.0
419,681.70183,9400000.0,3d6.(5D).5p,6F*,nan,3d6.(3P2).4d,2P,nan,42.0,6.0
420,288.423287,110769230.76923077,3d6.(1I).4p,y 2I*,nan,3d6.(1I).5s,2I,nan,26.0,26.0
421,161.120034,1257142.857142857,3d6.(5D).4s,a 6D,nan,3d6.(3F2).4p,y 4F*,nan,30.0,28.0
422,236.604315,95571428.57142857,3d6.(3P2).4p,y 4P*,nan,3d6.(3P2).4d,2F,nan,12.0,14.0
423,253.72878271428567,236772727.27272728,3d6.(3H).4s,a 4H,nan,3d6.(3H).4p,z 4H*,nan,44.0,44.0
424,1921.608,35277.77777777778,3d6.(5D).4d,e 4G,nan,3d6.(3F1).4p,4G*,nan,36.0,36.0
425,244.3829812,198933333.33333334,3d6.(5D).4p,z 6P*,nan,3d6.(5D).4d,6D,nan,18.0,30.0
426,268.102848,4888888.888888889,3d6.(5D).4p,z 4P*,nan,3d6.(5D).4d,6P,nan,12.0,18.0
427,793.70692,680000.0,3d6.(3P1).4p,4P*,nan,3d6.(5D).5d,4D,nan,8.0,18.0
428,687.35953,3622222.222222222,3d6.(5D).5p,4P*,nan,3d6.(5D).5d,4G,nan,12.0,36.0
429,236.30217785714282,322233333.3333333,3d6.(3H).4p,z 4I*,nan,3d6.(3H).4d,4K,nan,52.0,60.0
430,241.171641,13050000.0,3d6.(3P2).4p,y 4D*,nan,3d6.(5D).5d,6F,nan,20.0,40.0
431,920.40139,27000000.0,3d6.(3P2).5s,4P,nan,3d6.(3P2).5p,4S*,nan,12.0,4.0
432,214.704533,284000.0,3d7,a 2G,nan,3d6.(3F2).4p,x 4D*,nan,18.0,20.0
433,224.737949,15090909.090909092,3d6.(3P2).4p,z 2D*,nan,3d6.(3F2).4d,4H,nan,10.0,44.0
434,235.857467,44000000.0,3d6.(3H).4p,z 2G*,nan,3d6.(3H).4d,2F,nan,18.0,14.0
435,325.971281,2685714.285714286,3d6.(3D).4s,b 4D,nan,3d6.(3F2).4p,y 4F*,nan,20.0,28.0
436,565.30921,25000000.0,3d6.(5D).4d,4S,nan,3d6.(5D<3>).4f,2[0]*,nan,4.0,2.0
437,675.18598,933333.3333333334,3d6.(5D).5p,4D*,nan,3d6.(5D).5d,4G,nan,20.0,36.0
438,278.5314046666667,7011538.461538462,3d6.(3G).4s,a 4G,nan,3d6.(3H).4p,z 4I*,nan,36.0,52.0
439,244.60005800000002,317666666.6666667,3d6.(5D).4p,z 4P*,nan,3d6.(5D).4d,4P,nan,12.0,12.0
440,256.727769,14466666.666666666,3d6.(3H).4p,z 2H*,nan,3d6.(3H).4d,2K,nan,22.0,30.0
441,243.43195,44000000.0,3d6.(1D2).4s,c 2D,nan,3d6.(1D2).4p,w 2P*,nan,10.0,6.0
442,544.58999,15180000.0,3d6.(5D).4d,6S,nan,3d6.(5D<1>).4f,2[2]*,nan,6.0,10.0
443,284.71239825000004,157800000.0,3d6.(5D).4p,z 4F*,nan,3d6.(5D).5s,e 4D,nan,28.0,20.0
444,239.87664085714283,276857142.85714287,3d6.(5D).4p,z 4D*,nan,3d6.(5D).4d,e 4F,nan,20.0,28.0
445,761.1315999999999,2200000.0,3d6.(5D).5p,4D*,nan,3d6.(3H).4d,4F,nan,20.0,28.0
446,162.33621625,29500000.0,3d7,a 4F,nan,3d6.(3F2).4p,y 4G*,nan,28.0,36.0
447,218.836969,828571.4285714285,3d7,a 2G,nan,3d6.(3F2).4p,y 4F*,nan,18.0,28.0
448,534.83446,6180000.0,3d6.(5D).4d,6P,nan,3d6.(5D<4>).4f,2[2]*,nan,18.0,10.0
449,253.067154,270363636.3636364,3d6.(3G).4p,x 2G*,nan,3d6.(3G).4d,2H,nan,18.0,22.0
450,257.80726549999997,971153.8461538461,3d6.(3F2).4s,b 4F,nan,3d6.(3H).4p,z 4I*,nan,28.0,52.0
451,522.382505,12700000.0,3d6.(5D).4d,e 6G,nan,3d6.(5D<0>).4f,2[3]*,nan,54.0,14.0
452,232.016887,11038461.538461538,3d6.(3H).4p,z 2H*,nan,3d6.(3G).4d,4I,nan,22.0,52.0
453,232.73144466666668,224888888.8888889,3d6.(3H).4p,z 4G*,nan,3d6.(3H).4d,4G,nan,36.0,36.0
454,542.337665,21660000.0,3d6.(5D).4d,f 4D,nan,3d6.(5D<3>).4f,2[2]*,nan,20.0,10.0
455,598.55065,6333333.333333333,3d6.(5D).4d,e 4F,nan,3d6.(5D<3>).4f,2[1]*,nan,28.0,6.0
456,280.5041125,133857142.85714285,3d6.(3F2).4p,y 2G*,nan,3d6.(3F2).5s,e 2F,nan,18.0,14.0
457,236.47627799999998,72000000.0,3d6.(3G).4p,x 4F*,nan,3d6.(3G).4d,4H,nan,28.0,44.0
458,3262.1659,6857.142857142857,3d6.(5D<2>).4f,2[4]*,nan,3d6.(3F2).4d,4F,nan,18.0,28.0
459,263.398801,80666666.66666667,3d6.(1D2).4s,c 2D,nan,3d6.(1S2).4p,x 2P*,nan,10.0,6.0
460,541.28816,14571428.57142857,3d6.(5D).4d,6S,nan,3d6.(5D<1>).4f,2[3]*,nan,6.0,14.0
461,178.66795666666667,997777777.7777778,3d5.4s2,a 6S,nan,3d5.(6S).4s.4p.(1P*),x 6P*,nan,6.0,18.0
462,243.4539255,282769230.7692308,3d6.(1I).4s,a 2I,nan,3d6.(1I).4p,y 2I*,nan,26.0,26.0
463,181.85215,2280000.0,3d6.(5D).4s,a 4D,nan,3d6.(3F2).4p,x 4D*,nan,20.0,20.0
464,249.843492,387692.3076923077,3d6.(3F2).4s,b 4F,nan,3d6.(3H).4p,z 2I*,nan,28.0,26.0
465,241.24108,32571428.57142857,3d6.(3F1).4s,d 2F,nan,3d5.(4G).4s.4p.(3P*),t 2F*,nan,14.0,14.0
466,251.57572299999998,214857142.85714287,3d6.(1D2).4s,c 2D,nan,3d6.(1D2).4p,v 2F*,nan,10.0,14.0
467,162.72094533333336,249588888.8888889,3d6.(5D).4s,a 6D,nan,3d5.(6S).4s.4p.(3P*),y 6P*,nan,30.0,18.0
468,524.1266,7980000.0,3d6.(5D).4d,6P,nan,3d6.(5D<3>).4f,2[2]*,nan,18.0,10.0
469,1509.8032699999999,103333.33333333333,3d6.(5D).4d,6D,nan,3d6.(5D).5p,6F*,nan,30.0,42.0
470,1068.94135,548571.4285714285,3d6.(5D).5s,e 6D,nan,3d5.(4G).4s.4p.(3P*),y 6F*,nan,30.0,42.0
471,1698.439422,0.007375000000000001,3d7,a 4F,nan,3d6.(5D).4s,a 4D,nan,28.0,20.0
472,3431.7808,17000.0,3d6.(5D<1>).4f,2[4]*,nan,3d6.(5D).5d,4P,nan,18.0,12.0
473,315.511429,11444444.444444444,3d6.(3G).4s,b 2G,nan,3d6.(3H).4p,z 2G*,nan,18.0,18.0
474,228.520859,89846153.84615384,3d6.(3H).4p,z 2H*,nan,3d6.(3G).4d,2I,nan,22.0,26.0
475,526.4856033333333,326428.5714285714,3d6.(3G).4s,a 4G,nan,3d6.(5D).4p,z 4F*,nan,36.0,28.0
476,581.32447,2666666.6666666665,3d6.(5D).4d,e 4F,nan,3d6.(5D<3>).4f,2[4]*,nan,28.0,18.0
477,233.00767,52400000.0,3d6.(3P1).4s,c 4P,nan,3d6.(3F1).4p,4D*,nan,12.0,20.0
478,683.5108974999999,56222222.222222224,3d6.(5D).5p,6F*,nan,3d6.(5D).5d,6G,nan,42.0,54.0
479,768.04831,5785000.0,3d6.(5D).5p,w 6P*,nan,3d6.(5D).5d,6F,nan,18.0,40.0
480,1732.95929,155555.55555555556,3d6.(5D).4d,e 6G,nan,3d6.(3F1).4p,4G*,nan,54.0,36.0
481,270.115713,29000000.0,3d6.(3P2).4p,z 2D*,nan,3d6.(3P2).5s,4P,nan,10.0,12.0
482,418.003153,48571.42857142857,3d6.(3P2).4s,b 4P,nan,3d6.(5D).4p,z 4F*,nan,12.0,28.0
483,274.3979325,41461538.461538464,3d6.(1G2).4p,x 2H*,nan,3d6.(1I).5s,2I,nan,22.0,26.0
484,234.57322375,277136363.6363636,3d6.(3G).4p,x 4G*,nan,3d6.(3G).4d,4H,nan,36.0,44.0
485,299.6089115,90222222.22222222,3d6.(3G).4p,x 2G*,nan,3d6.(3G).5s,e 2G,nan,18.0,18.0
486,239.281779,126857142.85714285,3d6.(3P2).4p,y 4D*,nan,3d6.(3H).4d,2F,nan,20.0,14.0
487,573.94837,7085714.285714285,3d6.(5D).4d,e 4F,nan,3d6.(5D<0>).4f,2[3]*,nan,28.0,14.0
488,924.8934275,23507142.85714286,3d6.(5D).5s,e 4D,nan,3d6.(5D).5p,4F*,nan,20.0,28.0
489,552.665178,1280.0,3d6.(3H).4s,b 2H,nan,3d6.(5D).4p,z 4D*,nan,22.0,20.0
490,253.5627136666667,230833333.33333334,3d6.(3P2).4s,b 4P,nan,3d6.(3P2).4p,y 4P*,nan,12.0,12.0
491,232.14897399999998,221444444.44444445,3d6.(3F2).4p,y 4F*,nan,3d6.(3F2).4d,4G,nan,28.0,36.0
492,234.8257468,336944444.4444444,3d6.(3G).4p,x 4G*,nan,3d6.(3G).4d,4G,nan,36.0,36.0
493,526.0459733333333,39422222.222222224,3d6.(5D).4d,e 6G,nan,3d6.(5D<2>).4f,2[4]*,nan,54.0,18.0
494,745.103155,2357142.8571428573,3d6.(5D).5p,4D*,nan,3d6.(3P2).4d,4F,nan,20.0,28.0
495,258.640229,249000000.0,3d6.(1F).4s,c 2F,nan,3d6.(1F).4p,v 2G*,nan,14.0,18.0
496,1292.6610642857142,0.004403000000000001,3d6.(5D).4s,a 6D,nan,3d6.(5D).4s,a 4D,nan,30.0,20.0
497,799.343575,1521428.5714285714,3d6.(5D).5s,e 4D,nan,3d5.(4G).4s.4p.(3P*),v 4F*,nan,20.0,28.0
498,688.42384,3466666.6666666665,3d6.(3F1).4p,4G*,nan,3d6.(5D).5d,6G,nan,36.0,54.0
499,567.68287,9133333.333333334,3d6.(5D).4d,6S,nan,3d6.(5D<4>).4f,2[1]*,nan,6.0,6.0
500,1630.98107,86400.0,3d6.(5D).4d,6P,nan,3d6.(5D).5p,4D*,nan,18.0,20.0
501,550.3983425,37257142.85714286,3d6.(5D).4d,f 4D,nan,3d6.(5D<4>).4f,2[3]*,nan,20.0,14.0
502,504.788185,2822222.222222222,3d5.4s2,a 6S,nan,3d6.(5D).4p,z 6P*,nan,6.0,18.0
503,501.28719333333333,37600000.0,3d6.(5D).4d,e 6F,nan,3d6.(5D<3>).4f,2[2]*,nan,42.0,10.0
504,241.681445,79500000.0,3d6.(3P2).4p,y 4D*,nan,3d6.(3P2).4d,4D,nan,20.0,16.0
505,524.2575300000001,12285714.285714285,3d6.(5D).4d,f 4D,nan,3d6.(5D<0>).4f,2[3]*,nan,20.0,14.0
506,749.67453,1328571.4285714286,3d6.(5D).5p,w 6P*,nan,3d6.(3H).4d,4F,nan,18.0,28.0
507,242.46811025000002,160222222.2222222,3d6.(3F2).4p,y 4G*,nan,3d6.(3F2).4d,4G,nan,36.0,36.0
508,248.8157865,29880000.0,3d6.(5D).4p,z 4F*,nan,3d6.(5D).4d,f 4D,nan,28.0,20.0
509,236.563036,120000000.0,3d6.(3P2).4p,y 4D*,nan,3d6.(3P2).4d,4P,nan,20.0,6.0
510,546.74509,35428571.428571425,3d6.(5D).4d,e 4G,nan,3d6.(5D<1>).4f,2[3]*,nan,36.0,14.0
511,651.25231,1644444.4444444445,3d6.(5D).4d,4P,nan,3d6.(5D<3>).4f,2[4]*,nan,12.0,18.0
512,328.705838,269333.3333333333,3d6.(5D).4s,a 4D,nan,3d6.(5D).4p,z 6D*,nan,20.0,30.0
513,236.30991025,262400000.0,3d6.(3G).4p,x 4F*,nan,3d6.(3G).4d,4D,nan,28.0,20.0
514,1862.72811,670000.0,3d6.(5D).4d,e 4G,nan,3d6.(3P1).5p,4P*,nan,36.0,4.0
515,280.661365,1280000.0,3d6.(3F2).4s,a 2F,nan,3d6.(3F2).4p,x 4D*,nan,14.0,20.0
516,941.0740800000001,8467619.047619049,3d6.(5D).5s,e 4D,nan,3d6.(5D).5p,6F*,nan,20.0,42.0
517,240.983985,88636363.63636364,3d6.(3H).4s,b 2H,nan,3d6.(3G).4p,y 2H*,nan,22.0,22.0
518,241.18416675,409272727.27272725,3d6.(3F2).4p,y 4G*,nan,3d6.(3F2).4d,4H,nan,36.0,44.0
519,339.63066,148000.0,3d6.(1G2).4s,c 2G,nan,3d6.(3F2).4p,x 4D*,nan,18.0,20.0
520,844.635575,25326666.666666668,3d6.(5D).5p,6F*,nan,3d6.(5D).6s,6D,nan,42.0,30.0
521,247.06174633333333,212214285.7142857,3d6.(3G).4s,a 4G,nan,3d6.(3G).4p,x 4F*,nan,36.0,28.0
522,1870.51457,1690714.2857142857,3d6.(5D).4d,e 4G,nan,3d6.(5D).5p,4F*,nan,36.0,28.0
523,295.264542,83600000.0,3d6.(3D).4p,w 2F*,nan,3d6.(3D).5s,2D,nan,14.0,10.0
524,256.104983,118000000.0,3d6.(3P2).4s,b 2P,nan,3d6.(3P2).4p,z 2P*,nan,6.0,6.0
525,500.33482,84538461.53846154,3d6.(5D).4d,e 6F,nan,3d6.(5D<4>).4f,2[6]*,nan,42.0,26.0
526,248.499492,18772727.272727273,3d6.(3H).4s,b 2H,nan,3d6.(3G).4p,y 4H*,nan,22.0,44.0
527,2667.7969999999996,440333.3333333333,3d6.(5D).4d,4P,nan,3d6.(5D).5p,4P*,nan,12.0,12.0
528,580.3692766666667,35911111.11111111,3d6.(5D).4d,e 4F,nan,3d6.(5D<2>).4f,2[4]*,nan,28.0,18.0
529,235.76269600000003,95361111.1111111,3d6.(3H).4s,a 4H,nan,3d6.(3F2).4p,y 4G*,nan,44.0,36.0
530,242.99544580000003,186244444.44444445,3d6.(3F2).4s,b 4F,nan,3d6.(3F2).4p,y 4G*,nan,28.0,36.0
531,295.84209725,2742857.1428571427,3d6.(5D).4s,a 4D,nan,3d6.(5D).4p,z 6F*,nan,20.0,42.0
532,297.8009264,48250000.0,3d7,a 4P,nan,3d6.(5D).4p,z 4P*,nan,12.0,12.0
533,253.64773233333335,159333333.33333334,3d6.(3G).4p,x 2G*,nan,3d6.(3G).4d,2G,nan,18.0,18.0
534,240.05261,27714285.714285713,3d6.(3F2).4p,y 2G*,nan,3d6.(3F2).4d,4F,nan,18.0,28.0
535,253.328425,120333333.33333333,3d6.(5D).4p,z 6D*,nan,3d6.(5D).5s,e 6D,nan,30.0,30.0
536,292.6810605,62666666.666666664,3d6.(3G).4p,y 2F*,nan,3d6.(3G).5s,e 2G,nan,14.0,18.0
537,534.0921430000001,10760.0,3d6.(3G).4s,a 4G,nan,3d6.(5D).4p,z 4D*,nan,36.0,20.0
538,1862.3434,1070000.0,3d6.(3P2).4d,4D,nan,3d6.(3P2).5p,4S*,nan,16.0,4.0
539,753.27796,756000.0,3d6.(5D).5p,6D*,nan,3d6.(5D).6s,4D,nan,30.0,20.0
540,243.256622,41714285.71428572,3d6.(3H).4p,z 2G*,nan,3d6.(3P2).4d,2F,nan,18.0,14.0
541,746.4333066666667,5821428.571428572,3d6.(5D).5p,6F*,nan,3d6.(5D).5d,4F,nan,42.0,28.0
542,224.2522845,148681818.1818182,3d6.(3H).4p,z 4G*,nan,3d6.(3F2).4d,4H,nan,36.0,44.0
543,285.370242,377777.77777777775,3d6.(3P2).4s,b 2P,nan,3d5.(6S).4s.4p.(3P*),y 6P*,nan,6.0,18.0
544,119.893205,108181818.18181819,3d6.(3H).4s,a 4H,nan,3d5.(2I).4s.4p.(3P*),4H*,nan,44.0,44.0
545,274.94615525,135222222.2222222,3d6.(3G).4p,y 4H*,nan,3d6.(3G).5s,f 4G,nan,44.0,36.0
546,252.0827445,208000000.0,3d6.(3F2).4s,a 2F,nan,3d6.(3F2).4p,y 2D*,nan,14.0,10.0
547,253.743452,19000000.0,3d6.(3H).4s,b 2H,nan,3d6.(3G).4p,x 4G*,nan,22.0,36.0
548,1448.2400133333333,1203333.3333333333,3d6.(5D).4d,f 4D,nan,3d6.(5D).5p,4P*,nan,20.0,12.0
549,398.090777,0.0026999999999999997,3d6.(5D).4s,a 6D,nan,3d6.(3P2).4s,b 2P,nan,30.0,6.0
550,558.31733,6420000.0,3d6.(5D).4d,6S,nan,3d6.(5D<3>).4f,2[2]*,nan,6.0,10.0
551,237.17880800000003,139111111.1111111,3d6.(3G).4p,x 4F*,nan,3d6.(3G).4d,4G,nan,28.0,36.0
552,229.758624,404444.44444444444,3d7,a 2D2,nan,3d6.(3F2).4p,y 4G*,nan,10.0,36.0
553,249.55254642857145,220944444.44444445,3d6.(3G).4s,a 4G,nan,3d6.(3G).4p,x 4G*,nan,36.0,36.0
554,317.845293,6960000.0,3d6.(3D).4s,b 4D,nan,3d6.(3F2).4p,x 4D*,nan,20.0,20.0
555,425.3989033333333,567000.0,3d6.(3P2).4s,b 4P,nan,3d6.(5D).4p,z 4D*,nan,12.0,20.0
556,522.974809,12663636.363636363,3d6.(5D).4d,6D,nan,3d6.(5D<4>).4f,2[5]*,nan,30.0,22.0
557,496.4776406666667,56711111.11111111,3d6.(5D).4d,e 6F,nan,3d6.(5D<3>).4f,2[4]*,nan,42.0,18.0
558,648.4927250000001,12606666.666666666,3d6.(5D).5p,6D*,nan,3d6.(5D).5d,6D,nan,30.0,30.0
559,240.470208,14461538.461538462,3d6.(3H).4p,z 2I*,nan,3d6.(3H).4d,4I,nan,26.0,52.0
560,274.4684913333333,227160000.0,3d6.(5D).4s,a 4D,nan,3d6.(5D).4p,z 4D*,nan,20.0,20.0
561,565.04674,7944444.444444444,3d6.(5D).4d,e 4G,nan,3d6.(5D<4>).4f,2[4]*,nan,36.0,18.0
562,758.261205,24700.0,3d6.(3D).4s,b 4D,nan,3d6.(5D).4p,z 4D*,nan,20.0,20.0
563,565.9312649999999,13800000.0,3d6.(5D).4d,4S,nan,3d6.(5D<3>).4f,2[2]*,nan,4.0,10.0
564,503.410708,22457142.85714286,3d6.(5D).4d,6D,nan,3d6.(5D<2>).4f,2[3]*,nan,30.0,14.0
565,272.075825,60300000.0,3d6.(3D).4p,w 4P*,nan,3d6.(3D).5s,4D,nan,12.0,20.0
566,248.79686750000002,103090909.0909091,3d6.(1G2).4s,c 2G,nan,3d6.(1I).4p,w 2H*,nan,18.0,22.0
567,237.063852,26666666.666666668,3d6.(3F2).4p,x 4D*,nan,3d6.(5D).5d,4D,nan,20.0,18.0
568,523.8630965,13714285.714285715,3d6.(5D).4d,6P,nan,3d6.(5D<3>).4f,2[3]*,nan,18.0,14.0
569,235.96629666666664,548370370.3703704,3d6.(5D).4p,z 6F*,nan,3d6.(5D).4d,e 6G,nan,42.0,54.0
570,501.03818,39000000.0,3d6.(5D).4d,e 6F,nan,3d6.(5D<3>).4f,2[0]*,nan,42.0,2.0
571,656.29162,1688888.888888889,3d5.(4P).4s.4p.(3P*),6P*,nan,3d6.(5D).5d,6P,nan,18.0,18.0
572,232.246864,55357142.85714286,3d6.(3H).4p,z 4G*,nan,3d6.(5D).5d,4F,nan,36.0,28.0
573,439.8736468,3.812,3d6.(5D).4s,a 6D,nan,3d5.4s2,a 6S,nan,30.0,6.0
574,569.25739,6272727.2727272725,3d6.(5D).4d,e 4F,nan,3d6.(5D<2>).4f,2[5]*,nan,28.0,22.0
575,266.1897695,83000000.0,3d6.(3F1).4s,d 2F,nan,3d6.(3P1).4p,u 2D*,nan,14.0,10.0
576,233.5124005,69833333.33333333,3d6.(3H).4p,z 4H*,nan,3d6.(3H).4d,4G,nan,44.0,36.0
577,532.37171,11133333.333333334,3d6.(5D).4d,6P,nan,3d6.(5D<4>).4f,2[1]*,nan,18.0,6.0
578,236.741059,38222222.222222224,3d6.(3H).4p,z 4I*,nan,3d6.(3H).4d,4G,nan,52.0,36.0
579,537.9690499999999,14355555.555555556,3d6.(5D).4d,f 4D,nan,3d6.(5D<3>).4f,2[4]*,nan,20.0,18.0
580,3241.4186,88500.0,3d6.(5D<2>).4f,2[4]*,nan,3d6.(5D).5d,4P,nan,18.0,12.0
581,276.199825,44571428.571428575,3d6.(3F2).4p,z 2F*,nan,3d6.(3F2).5s,e 2F,nan,14.0,14.0
582,258.49293800000004,206750000.0,3d6.(5D).4s,a 4D,nan,3d6.(5D).4p,z 4P*,nan,20.0,12.0
583,687.26217,15555555.555555556,3d6.(5D).5p,4F*,nan,3d6.(5D).5d,6G,nan,28.0,54.0
584,240.772478,43428571.428571425,3d6.(3D).4s,b 4D,nan,3d6.(1G2).4p,x 2F*,nan,20.0,14.0
585,1922.1000966666668,333800.0,3d6.(5D).4d,e 4G,nan,3d6.(5D).5p,4D*,nan,36.0,20.0
586,544.6350749999999,50090909.09090909,3d6.(5D).4d,e 4G,nan,3d6.(5D<2>).4f,2[5]*,nan,36.0,22.0
587,3458.52035,111333.33333333333,3d6.(5D<0>).4f,2[3]*,nan,3d6.(5D).5d,4P,nan,14.0,12.0
588,930.5571655555555,8296666.666666667,3d6.(5D).5p,w 6P*,nan,3d6.(5D).6s,6D,nan,18.0,30.0
589,595.73475,24000000.0,3d6.(5D).4d,e 4F,nan,3d6.(5D<3>).4f,2[3]*,nan,28.0,14.0
590,253.711635,256090909.0909091,3d6.(1G1).4s,d 2G,nan,3d6.(1G1).4p,2H*,nan,18.0,22.0
591,267.1629053333333,110090909.0909091,3d6.(3H).4p,z 4H*,nan,3d6.(3H).5s,e 4H,nan,44.0,44.0
592,279.475241,79500000.0,3d6.(3P2).4p,y 4D*,nan,3d6.(3P2).5s,4P,nan,20.0,12.0
593,508.31121499999995,10742857.142857144,3d6.(5D).4d,6P,nan,3d6.(5D<1>).4f,2[3]*,nan,18.0,14.0
594,828.48696,2680000.0,3d6.(3P1).5p,4P*,nan,3d6.(5D).6s,4D,nan,4.0,20.0
595,500.95137066666666,11881818.181818182,3d6.(5D).4d,6D,nan,3d6.(5D<2>).4f,2[5]*,nan,30.0,22.0
596,530.139895,124333333.33333333,3d6.(5D).4d,e 6G,nan,3d6.(5D<4>).4f,2[7]*,nan,54.0,30.0
597,832.322405,5480000.0,3d6.(5D).5s,e 6D,nan,3d6.(5D).5p,4D*,nan,30.0,20.0
598,835.2668058333335,33047619.04761905,3d6.(5D).5s,e 6D,nan,3d6.(5D).5p,6F*,nan,30.0,42.0
599,1583.1833,96428.57142857143,3d6.(5D).4d,6D,nan,3d6.(5D).5p,4F*,nan,30.0,28.0
600,751.98809,7066666.666666667,3d6.(5D).5p,w 6P*,nan,3d6.(5D).5d,4D,nan,18.0,18.0
601,647.6165550000001,3913.3333333333335,3d5.4s2,a 6S,nan,3d6.(5D).4p,z 6D*,nan,6.0,30.0
602,845.33369,1333333.3333333333,3d6.(5D).5s,e 6D,nan,3d6.(3F1).4p,4G*,nan,30.0,36.0
603,225.297438,148454545.45454547,3d6.(3H).4p,z 2H*,nan,3d6.(3G).4d,2H,nan,22.0,22.0
604,231.087632,17714285.714285713,3d6.(3F2).4p,y 4F*,nan,3d6.(3F2).4d,4F,nan,28.0,28.0
605,490.95159,10571428.57142857,3d6.(5D).4d,e 6F,nan,3d6.(5D<2>).4f,2[3]*,nan,42.0,14.0
606,283.654529,8500000.0,3d6.(3P2).4s,b 2P,nan,3d6.(3H).4p,z 4G*,nan,6.0,36.0
607,779.8650749999999,2171428.5714285714,3d6.(5D).5p,4F*,nan,3d6.(5D).5d,4F,nan,28.0,28.0
608,484.779472,6818181.818181818,3d6.(5D).4d,e 6F,nan,3d6.(5D<2>).4f,2[5]*,nan,42.0,22.0
609,517.22164,11640000.0,3d6.(5D).4d,6P,nan,3d6.(5D<2>).4f,2[2]*,nan,18.0,10.0
610,507.83850533333333,35685714.28571428,3d6.(5D).4d,6P,nan,3d6.(5D<0>).4f,2[3]*,nan,18.0,14.0
611,447.6436504545455,0.33536428571428567,3d6.(5D).4s,a 6D,nan,3d6.(3F2).4s,b 4F,nan,30.0,28.0
612,1938.6958574999999,878476.1904761905,3d6.(5D).4d,e 4G,nan,3d6.(5D).5p,6F*,nan,36.0,42.0
613,734.1893916666667,12121428.57142857,3d6.(5D).5p,4D*,nan,3d6.(5D).5d,4F,nan,20.0,28.0
614,184.81960999999998,751666666.6666666,3d5.(6S).4s.4p.(3P*),z 8P*,nan,3d5.(6S).4p2,8P,nan,24.0,24.0
615,236.553411,44125000.0,3d7,a 4F,nan,3d6.(5D).4p,z 4F*,nan,28.0,28.0
616,585.70032,2803703.703703704,3d5.(4G).4s.4p.(3P*),y 6F*,nan,3d6.(5D).5d,6G,nan,42.0,54.0
617,546.25504,48488888.88888889,3d6.(5D).4d,e 4G,nan,3d6.(5D<1>).4f,2[4]*,nan,36.0,18.0
618,277.4882015,90555555.55555555,3d6.(3G).4p,y 2H*,nan,3d6.(3G).5s,e 2G,nan,22.0,18.0
619,278.2315655,103333333.33333333,3d6.(3H).4s,b 2H,nan,3d6.(3H).4p,z 2G*,nan,22.0,18.0
620,763.1462319999999,10740000.0,3d6.(5D).5p,w 6P*,nan,3d6.(5D).5d,6D,nan,18.0,30.0
