,ritz_wl_vac(nm),unc_ritz_wl,Aki(s^-1),Acc,conf_i,term_i,J_i,conf_k,term_k,J_k,g_i,g_k
0,94.518745,4e-06,380000000.0,C+,2s2.2p2,3P,0,2s.2p3,3S*,1,1,3
1,94.533414,3e-06,1140000000.0,C+,2s2.2p2,3P,1,2s.2p3,3S*,1,3,3
2,94.557546,3e-06,1900000000.0,C+,2s2.2p2,3P,2,2s.2p3,3S*,1,5,3
3,112.14533,0.00023,1500000.0,C+,2s2.2p2,3P,0,2s2.2p.(2P*<3/2>).8d,2[1/2]*,1,1,3
4,112.15196,4e-05,1700000.0,C+,2s2.2p2,3P,0,2s2.2p.(2P*<3/2>).8d,2[3/2]*,1,1,3
5,112.16598,0.00023,3500000.0,C+,2s2.2p2,3P,1,2s2.2p.(2P*<3/2>).8d,2[1/2]*,1,3,3
6,112.167,0.0021,11000000.0,C+,2s2.2p2,3P,1,2s2.2p.(2P*<3/2>).8d,2[1/2]*,0,3,1
7,112.17132,4e-05,400000.0,C,2s2.2p2,3P,0,2s2.2p.(2P*<3/2>).9s,2[3/2]*,1,1,3
8,112.1753,0.0005,430000.0,C,2s2.2p2,3P,1,2s2.2p.(2P*<3/2>).8d,2[3/2]*,2,3,5
9,112.17261,4e-05,810000.0,C,2s2.2p2,3P,1,2s2.2p.(2P*<3/2>).8d,2[3/2]*,1,3,3
10,112.19198,4e-05,3600000.0,C+,2s2.2p2,3P,1,2s2.2p.(2P*<3/2>).9s,2[3/2]*,1,3,3
11,112.19995,0.00023,4000000.0,C+,2s2.2p2,3P,2,2s2.2p.(2P*<3/2>).8d,2[1/2]*,1,5,3
12,112.20037,4e-05,8500000.0,C+,2s2.2p2,3P,1,2s2.2p.(2P*<3/2>).8d,2[5/2]*,2,3,5
13,112.2093,0.0005,6700000.0,C+,2s2.2p2,3P,2,2s2.2p.(2P*<3/2>).8d,2[3/2]*,2,5,5
14,112.21796,5e-05,3400000.0,C+,2s2.2p2,3P,2,2s2.2p.(2P*<3/2>).8d,2[7/2]*,3,5,7
15,112.22597,4e-05,1400000.0,C+,2s2.2p2,3P,2,2s2.2p.(2P*<3/2>).9s,2[3/2]*,1,5,3
16,112.23267,0.00023,10600000.0,B,2s2.2p2,3P,2,2s2.2p.(2P*<3/2>).8d,2[5/2]*,3,5,7
17,112.23437,4e-05,340000.0,C,2s2.2p2,3P,2,2s2.2p.(2P*<3/2>).8d,2[5/2]*,2,5,5
18,112.24447,0.00015,9000000.0,C+,2s2.2p2,3P,0,2s2.2p.(2P*<1/2>).8d,2[3/2]*,1,1,3
19,112.25185,5e-05,2000000.0,C+,2s2.2p2,3P,0,2s2.2p.(2P*<1/2>).9s,2[1/2]*,1,1,3
20,112.26516,0.00015,2700000.0,C+,2s2.2p2,3P,1,2s2.2p.(2P*<1/2>).8d,2[3/2]*,1,3,3
21,112.27254,5e-05,400000.0,C,2s2.2p2,3P,1,2s2.2p.(2P*<1/2>).9s,2[1/2]*,1,3,3
22,112.27727,6e-05,3800000.0,C+,2s2.2p2,3P,1,2s2.2p.(2P*<1/2>).9s,2[1/2]*,0,3,1
23,112.278,0.003,7300000.0,C+,2s2.2p2,3P,1,2s2.2p.(2P*<1/2>).8d,2[3/2]*,2,3,5
24,112.30658,5e-05,1270000.0,C+,2s2.2p2,3P,2,2s2.2p.(2P*<1/2>).9s,2[1/2]*,1,5,3
25,112.31091,0.00024,3600000.0,C+,2s2.2p2,3P,2,2s2.2p.(2P*<1/2>).8d,2[5/2]*,3,5,7
26,112.31191,5e-05,380000.0,C,2s2.2p2,3P,1,2s2.2p.(2P*<1/2>).8d,2[5/2]*,2,3,5
27,112.34597,5e-05,380000.0,C,2s2.2p2,3P,2,2s2.2p.(2P*<1/2>).8d,2[5/2]*,2,5,5
28,112.8071,0.0002,2400000.0,C+,2s2.2p2,3P,0,2s2.2p.(2P*<3/2>).7d,2[1/2]*,1,1,3
29,112.81717,4e-05,1800000.0,C+,2s2.2p2,3P,0,2s2.2p.(2P*<3/2>).7d,2[3/2]*,1,1,3
30,112.8261,0.0022,15500000.0,B,2s2.2p2,3P,1,2s2.2p.(2P*<3/2>).7d,2[1/2]*,0,3,1
31,112.828,0.0002,5000000.0,C+,2s2.2p2,3P,1,2s2.2p.(2P*<3/2>).7d,2[1/2]*,1,3,3
32,112.83807,4e-05,960000.0,C,2s2.2p2,3P,1,2s2.2p.(2P*<3/2>).7d,2[3/2]*,1,3,3
33,112.84769,4e-05,600000.0,C,2s2.2p2,3P,0,2s2.2p.(2P*<3/2>).8s,2[3/2]*,1,1,3
34,112.86238,0.0002,5800000.0,C+,2s2.2p2,3P,2,2s2.2p.(2P*<3/2>).7d,2[1/2]*,1,5,3
35,112.8686,5e-05,4800000.0,C+,2s2.2p2,3P,1,2s2.2p.(2P*<3/2>).8s,2[3/2]*,1,3,3
36,112.8723,0.0005,10200000.0,B,2s2.2p2,3P,2,2s2.2p.(2P*<3/2>).7d,2[3/2]*,2,5,5
37,112.88167,3e-05,16100000.0,B,2s2.2p2,3P,1,2s2.2p.(2P*<3/2>).7d,2[5/2]*,2,3,5
38,112.89025,5e-05,4000000.0,C,2s2.2p2,3P,2,2s2.2p.(2P*<3/2>).7d,2[7/2]*,3,5,7
39,112.903,5e-05,1800000.0,C+,2s2.2p2,3P,2,2s2.2p.(2P*<3/2>).8s,2[3/2]*,1,5,3
40,112.90777,4e-05,990000.0,C,2s2.2p2,3P,1,2s2.2p.(2P*<3/2>).8s,2[3/2]*,2,3,5
41,112.91409,0.00023,17000000.0,B,2s2.2p2,3P,2,2s2.2p.(2P*<3/2>).7d,2[5/2]*,3,5,7
42,112.91608,3e-05,500000.0,C,2s2.2p2,3P,2,2s2.2p.(2P*<3/2>).7d,2[5/2]*,2,5,5
43,112.91956,0.00017,13500000.0,B,2s2.2p2,3P,0,2s2.2p.(2P*<1/2>).7d,2[3/2]*,1,1,3
44,112.931702,2.2e-05,3500000.0,C+,2s2.2p2,3P,0,2s2.2p.(2P*<1/2>).8s,2[1/2]*,1,1,3
45,112.94049,0.00017,4900000.0,C+,2s2.2p2,3P,1,2s2.2p.(2P*<1/2>).7d,2[3/2]*,1,3,3
46,112.9422,4e-05,11900000.0,B,2s2.2p2,3P,2,2s2.2p.(2P*<3/2>).8s,2[3/2]*,2,5,5
47,112.952643,2.2e-05,720000.0,C,2s2.2p2,3P,1,2s2.2p.(2P*<1/2>).8s,2[1/2]*,1,3,3
48,112.95942,4e-05,6400000.0,C+,2s2.2p2,3P,1,2s2.2p.(2P*<1/2>).8s,2[1/2]*,0,3,1
49,112.9598,0.0022,7300000.0,C+,2s2.2p2,3P,1,2s2.2p.(2P*<1/2>).7d,2[3/2]*,2,3,5
50,112.987097,2.2e-05,2200000.0,C+,2s2.2p2,3P,2,2s2.2p.(2P*<1/2>).8s,2[1/2]*,1,5,3
51,112.9923,0.00023,4800000.0,C+,2s2.2p2,3P,2,2s2.2p.(2P*<1/2>).7d,2[5/2]*,3,5,7
52,113.01706,4e-05,480000.0,C,2s2.2p2,3P,1,2s2.2p.(2P*<1/2>).7d,2[5/2]*,2,3,5
53,113.05156,4e-05,300000.0,C,2s2.2p2,3P,2,2s2.2p.(2P*<1/2>).7d,2[5/2]*,2,5,5
54,113.83826,4e-05,4100000.0,C+,2s2.2p2,3P,0,2s2.2p.6d,3P*,1,1,3
55,113.85608,2.5e-05,1700000.0,C+,2s2.2p2,3P,0,2s2.2p.6d,1P*,1,1,3
56,113.858,0.0021,23100000.0,B,2s2.2p2,3P,1,2s2.2p.6d,3P*,0,3,1
57,113.85954,4e-05,7300000.0,C+,2s2.2p2,3P,1,2s2.2p.6d,3P*,1,3,3
58,113.874269,2.5e-05,190000.0,C,2s2.2p2,3P,1,2s2.2p.6d,3P*,2,3,5
59,113.877365,2.5e-05,990000.0,C,2s2.2p2,3P,1,2s2.2p.6d,1P*,1,3,3
60,113.89455,4e-05,9000000.0,C+,2s2.2p2,3P,2,2s2.2p.6d,3P*,1,5,3
61,113.908649,2.1e-05,930000.0,C,2s2.2p2,3P,0,2s2.2p.7s,1P*,1,1,3
62,113.909287,2.5e-05,16000000.0,B,2s2.2p2,3P,2,2s2.2p.6d,3P*,2,5,5
63,113.929954,2.1e-05,6200000.0,C+,2s2.2p2,3P,1,2s2.2p.7s,1P*,1,3,3
64,113.94254,4e-05,4300000.0,C+,2s2.2p2,3P,2,2s2.2p.6d,1F*,3,5,7
65,113.95142,3e-05,27000000.0,B,2s2.2p2,3P,1,2s2.2p.6d,3D*,2,3,5
66,113.965007,2.1e-05,2300000.0,C+,2s2.2p2,3P,2,2s2.2p.7s,1P*,1,5,3
67,113.97655,3e-05,4600000.0,C+,2s2.2p2,3P,1,2s2.2p.7s,3P*,2,3,5
68,113.97917,0.00017,21100000.0,B,2s2.2p2,3P,0,2s2.2p.6d,3D*,1,1,3
69,113.9812,4e-05,30000000.0,B,2s2.2p2,3P,2,2s2.2p.6d,3D*,3,5,7
70,113.98648,3e-05,1300000.0,C+,2s2.2p2,3P,2,2s2.2p.6d,3D*,2,5,5
71,114.0005,0.00017,9500000.0,C+,2s2.2p2,3P,1,2s2.2p.6d,3D*,1,3,3
72,114.00093,1.9e-05,6100000.0,C+,2s2.2p2,3P,0,2s2.2p.7s,3P*,1,1,3
73,114.01163,3e-05,18400000.0,B,2s2.2p2,3P,2,2s2.2p.7s,3P*,2,5,5
74,114.022269,2e-05,1500000.0,C+,2s2.2p2,3P,1,2s2.2p.7s,3P*,1,3,3
75,114.03162,3e-05,11500000.0,B,2s2.2p2,3P,1,2s2.2p.7s,3P*,0,3,1
76,114.0356,0.00017,110000.0,C,2s2.2p2,3P,2,2s2.2p.6d,3D*,1,5,3
77,114.03574,7e-05,6400000.0,C+,2s2.2p2,3P,1,2s2.2p.6d,3F*,2,3,5
78,114.057379,2e-05,4200000.0,C+,2s2.2p2,3P,2,2s2.2p.7s,3P*,1,5,3
79,114.0641,5e-05,6300000.0,C+,2s2.2p2,3P,2,2s2.2p.6d,3F*,3,5,7
80,114.07086,7e-05,200000.0,C,2s2.2p2,3P,2,2s2.2p.6d,3F*,2,5,5
81,114.13264,4e-05,450000.0,C,2s2.2p2,3P,1,2s2.2p.6d,1D*,2,3,5
82,114.16782,4e-05,200000.0,C,2s2.2p2,3P,2,2s2.2p.6d,1D*,2,5,5
83,115.580873,1.9e-05,8200000.0,C+,2s2.2p2,3P,0,2s2.2p.5d,3P*,1,1,3
84,115.59788,3e-05,37000000.0,B,2s2.2p2,3P,1,2s2.2p.5d,3P*,0,3,1
85,115.602808,1.9e-05,11400000.0,B,2s2.2p2,3P,1,2s2.2p.5d,3P*,1,3,3
86,115.618377,1.7e-05,1350000.0,C+,2s2.2p2,3P,0,2s2.2p.5d,1P*,1,1,3
87,115.619906,3e-06,2400000.0,C+,2s2.2p2,3P,1,2s2.2p.5d,3P*,2,3,5
88,115.638897,1.9e-05,15100000.0,B,2s2.2p2,3P,2,2s2.2p.5d,3P*,1,5,3
89,115.640326,1.7e-05,810000.0,C,2s2.2p2,3P,1,2s2.2p.5d,1P*,1,3,3
90,115.656006,3e-06,27000000.0,B,2s2.2p2,3P,2,2s2.2p.5d,3P*,2,5,5
91,115.718541,2.3e-05,1500000.0,C+,2s2.2p2,3P,0,2s2.2p.6s,1P*,1,1,3
92,115.73298,3e-05,4000000.0,C+,2s2.2p2,3P,2,2s2.2p.5d,1F*,3,5,7
93,115.740529,2.3e-05,7500000.0,C+,2s2.2p2,3P,1,2s2.2p.6s,1P*,1,3,3
94,115.776704,2.3e-05,2500000.0,C+,2s2.2p2,3P,2,2s2.2p.6s,1P*,1,5,3
95,115.77691,2.3e-05,26200000.0,B+,2s2.2p2,3P,1,2s2.2p.5d,3D*,2,3,5
96,115.79094,4e-05,35200000.0,B+,2s2.2p2,3P,0,2s2.2p.5d,3D*,1,1,3
97,115.80184,5e-05,56000000.0,B+,2s2.2p2,3P,2,2s2.2p.5d,3D*,3,5,7
98,115.803461,2.3e-05,31000000.0,B,2s2.2p2,3P,1,2s2.2p.6s,3P*,2,3,5
99,115.81296,4e-05,19800000.0,B+,2s2.2p2,3P,1,2s2.2p.5d,3D*,1,3,3
100,115.813108,2.3e-05,25800000.0,B+,2s2.2p2,3P,2,2s2.2p.5d,3D*,2,5,5
101,115.832373,1.5e-05,10900000.0,B,2s2.2p2,3P,0,2s2.2p.6s,3P*,1,1,3
102,115.839676,2.3e-05,8200000.0,C+,2s2.2p2,3P,2,2s2.2p.6s,3P*,2,5,5
103,115.84918,4e-05,630000.0,C,2s2.2p2,3P,2,2s2.2p.5d,3D*,1,5,3
104,115.854404,1.5e-05,3400000.0,C+,2s2.2p2,3P,1,2s2.2p.6s,3P*,1,3,3
105,115.8674,3e-05,21900000.0,B,2s2.2p2,3P,1,2s2.2p.6s,3P*,0,3,1
106,115.87315,4e-05,5100000.0,C+,2s2.2p2,3P,1,2s2.2p.5d,3F*,2,3,5
107,115.890651,1.5e-05,8400000.0,C+,2s2.2p2,3P,2,2s2.2p.6s,3P*,1,5,3
108,115.896647,3e-06,7200000.0,C+,2s2.2p2,3P,2,2s2.2p.5d,3F*,3,5,7
109,115.9094,4e-05,360000.0,C,2s2.2p2,3P,2,2s2.2p.5d,3F*,2,5,5
110,116.0512632,2e-06,330000.0,C,2s2.2p2,3P,1,2s2.2p.5d,1D*,2,3,5
111,116.0876335,2e-06,120000.0,C,2s2.2p2,3P,2,2s2.2p.5d,1D*,2,5,5
112,118.8832839,2e-06,19500000.0,B,2s2.2p2,3P,0,2s2.2p.4d,3P*,1,1,3
113,118.899265,3e-06,72000000.0,B,2s2.2p2,3P,1,2s2.2p.4d,3P*,0,3,1
114,118.9064905,2e-06,20100000.0,B,2s2.2p2,3P,1,2s2.2p.4d,3P*,1,3,3
115,118.9248616,2e-06,10900000.0,B,2s2.2p2,3P,1,2s2.2p.4d,3P*,2,3,5
116,118.9446728,2e-06,30000000.0,B,2s2.2p2,3P,2,2s2.2p.4d,3P*,1,5,3
117,118.9630557,2e-06,53000000.0,B,2s2.2p2,3P,2,2s2.2p.4d,3P*,2,5,5
118,119.0020765,2e-06,910000.0,C+,2s2.2p2,3P,0,2s2.2p.4d,1P*,1,1,3
119,119.0253296,2e-06,480000.0,C+,2s2.2p2,3P,1,2s2.2p.4d,1P*,1,3,3
120,119.0635882,2e-06,13000.0,C,2s2.2p2,3P,2,2s2.2p.4d,1P*,1,5,3
121,119.1840995,2e-06,2900000.0,C+,2s2.2p2,3P,2,2s2.2p.4d,1F*,3,5,7
122,119.221761,7e-06,2200000.0,C,2s2.2p2,3P,0,2s2.2p.5s,1P*,1,1,3
123,119.2451,7e-06,7600000.0,C,2s2.2p2,3P,1,2s2.2p.5s,1P*,1,3,3
124,119.2835,7e-06,2190000.0,B,2s2.2p2,3P,2,2s2.2p.5s,1P*,1,5,3
125,119.3009118,2e-06,79000000.0,B+,2s2.2p2,3P,1,2s2.2p.4d,3D*,2,3,5
126,119.3030446,2.1e-06,64000000.0,B+,2s2.2p2,3P,0,2s2.2p.4d,3D*,1,1,3
127,119.3239726,1.9e-06,111000000.0,B+,2s2.2p2,3P,2,2s2.2p.4d,3D*,3,5,7
128,119.3264154,2.1e-06,43000000.0,B+,2s2.2p2,3P,1,2s2.2p.4d,3D*,1,3,3
129,119.3393479,2e-06,34600000.0,B+,2s2.2p2,3P,2,2s2.2p.4d,3D*,2,5,5
130,119.3648679,2.1e-06,2250000.0,B+,2s2.2p2,3P,2,2s2.2p.4d,3D*,1,5,3
131,119.3678214,1.9e-06,25400000.0,A,2s2.2p2,3P,1,2s2.2p.5s,3P*,2,3,5
132,119.3995082,2e-06,19400000.0,A,2s2.2p2,3P,0,2s2.2p.5s,3P*,1,1,3
133,119.4063006,1.9e-06,29800000.0,B+,2s2.2p2,3P,2,2s2.2p.5s,3P*,2,5,5
134,119.4229168,2e-06,8300000.0,A,2s2.2p2,3P,1,2s2.2p.5s,3P*,1,3,3
135,119.4300572,1.9e-06,4100000.0,B+,2s2.2p2,3P,1,2s2.2p.4d,3F*,2,3,5
136,119.4405219,2.3e-06,44000000.0,A,2s2.2p2,3P,1,2s2.2p.5s,3P*,0,3,1
137,119.4488239,1.9e-06,6800000.0,B+,2s2.2p2,3P,2,2s2.2p.4d,3F*,3,5,7
138,119.4614315,2e-06,17700000.0,A,2s2.2p2,3P,2,2s2.2p.5s,3P*,1,5,3
139,119.4685765,1.9e-06,343000.0,B+,2s2.2p2,3P,2,2s2.2p.4d,3F*,2,5,5
140,119.7874919,1.9e-06,200000.0,C,2s2.2p2,3P,1,2s2.2p.4d,1D*,2,3,5
141,119.8262422,1.9e-06,68000.0,C,2s2.2p2,3P,2,2s2.2p.4d,1D*,2,5,5
142,126.0735012,2.1e-06,55000000.0,B,2s2.2p2,3P,0,2s2.2p.3d,3P*,1,1,3
143,126.0926375,2.2e-06,176000000.0,B,2s2.2p2,3P,1,2s2.2p.3d,3P*,0,3,1
144,126.0996002,2.1e-06,46000000.0,B,2s2.2p2,3P,1,2s2.2p.3d,3P*,1,3,3
145,126.1122287,2.1e-06,39000000.0,B,2s2.2p2,3P,1,2s2.2p.3d,3P*,2,3,5
146,126.1425426,2.1e-06,73000000.0,B,2s2.2p2,3P,2,2s2.2p.3d,3P*,1,5,3
147,126.1551797,2.1e-06,131000000.0,B,2s2.2p2,3P,2,2s2.2p.3d,3P*,2,5,5
148,126.64151,6e-05,15200000.0,B,2s2.2p2,1D,2,2s2.2p.(2P*<3/2>).8d,2[7/2]*,3,5,7
149,127.0142949,2.1e-06,450000.0,B,2s2.2p2,3P,0,2s2.2p.3d,1P*,1,1,3
150,127.0407849,2.1e-06,210000.0,C,2s2.2p2,3P,1,2s2.2p.3d,1P*,1,3,3
151,127.4108797,2.1e-06,1200000.0,C+,2s2.2p2,3P,2,2s2.2p.3d,1F*,3,5,7
152,127.49839,7e-05,22500000.0,B,2s2.2p2,1D,2,2s2.2p.(2P*<3/2>).7d,2[7/2]*,3,5,7
153,127.6482255,2.1e-06,5000000.0,C+,2s2.2p2,3P,0,2s2.2p.4s,1P*,1,1,3
154,127.6749806,2.1e-06,9400000.0,C+,2s2.2p2,3P,1,2s2.2p.4s,1P*,1,3,3
155,127.7190029,2.1e-06,1800000.0,C+,2s2.2p2,3P,2,2s2.2p.4s,1P*,1,5,3
156,127.7245031,2.1e-06,126000000.0,A,2s2.2p2,3P,0,2s2.2p.3d,3D*,1,1,3
157,127.7282278,2.1e-06,170000000.0,A,2s2.2p2,3P,1,2s2.2p.3d,3D*,2,3,5
158,127.7512902,2.1e-06,92000000.0,A,2s2.2p2,3P,1,2s2.2p.3d,3D*,1,3,3
159,127.7549516,2.1e-06,228000000.0,A,2s2.2p2,3P,2,2s2.2p.3d,3D*,3,5,7
160,127.7722868,2.1e-06,63000000.0,A,2s2.2p2,3P,2,2s2.2p.3d,3D*,2,5,5
161,127.7953652,2.1e-06,5900000.0,B+,2s2.2p2,3P,2,2s2.2p.3d,3D*,1,5,3
162,127.9890375,2.1e-06,34300000.0,B+,2s2.2p2,3P,1,2s2.2p.4s,3P*,2,3,5
163,128.0134799,2.1e-06,35500000.0,B+,2s2.2p2,3P,0,2s2.2p.4s,3P*,1,1,3
164,128.0332767,2.1e-06,64000000.0,B+,2s2.2p2,3P,2,2s2.2p.4s,3P*,2,5,5
165,128.0403884,2.1e-06,18700000.0,B+,2s2.2p2,3P,1,2s2.2p.4s,3P*,1,3,3
166,128.059692,2.1e-06,88000000.0,B+,2s2.2p2,3P,1,2s2.2p.4s,3P*,0,3,1
167,128.0846631,2.1e-06,36000000.0,B+,2s2.2p2,3P,2,2s2.2p.4s,3P*,1,5,3
168,128.7607533,2.2e-06,149000.0,B,2s2.2p2,3P,1,2s2.2p.3d,1D*,2,3,5
169,128.8055277,2.2e-06,66000.0,C,2s2.2p2,3P,2,2s2.2p.3d,1D*,2,5,5
170,128.84225,5e-05,35000000.0,B,2s2.2p2,1D,2,2s2.2p.6d,1F*,3,5,7
171,131.13627,4e-05,59000000.0,B,2s2.2p2,1D,2,2s2.2p.5d,1F*,3,5,7
172,132.8832989,2.3e-06,73000000.0,B,2s2.2p2,3P,0,2s.2p3,3P*,1,1,3
173,132.9084642,2.3e-06,222000000.0,B,2s2.2p2,3P,1,2s.2p3,3P*,0,3,1
174,132.9100114,2.3e-06,54000000.0,B,2s2.2p2,3P,1,2s.2p3,3P*,2,3,5
175,132.9122938,2.3e-06,56000000.0,B,2s2.2p2,3P,1,2s.2p3,3P*,1,3,3
176,132.9577184,2.3e-06,164000000.0,B,2s2.2p2,3P,2,2s.2p3,3P*,2,5,5
177,132.9600025,2.3e-06,92000000.0,B,2s2.2p2,3P,2,2s.2p3,3P*,1,5,3
178,135.428888,6e-06,30000000.0,C,2s2.2p2,1D,2,2s2.2p.4d,1P*,1,5,3
179,135.584826,6e-06,104000000.0,B,2s2.2p2,1D,2,2s2.2p.4d,1F*,3,5,7
180,135.71348,1.1e-05,14000000.0,C,2s2.2p2,1D,2,2s2.2p.5s,1P*,1,5,3
181,135.765872,6e-06,1100000.0,C,2s2.2p2,1D,2,2s2.2p.4d,3D*,3,5,7
182,135.927524,6e-06,2200000.0,C,2s2.2p2,1D,2,2s2.2p.4d,3F*,3,5,7
183,135.943851,6e-06,970000.0,C,2s2.2p2,1D,2,2s2.2p.5s,3P*,1,5,3
184,136.416473,6e-06,16000000.0,C,2s2.2p2,1D,2,2s2.2p.4d,1D*,2,5,5
185,143.1597,0.0003,210000000.0,C+,2s.2p3,5S*,2,2s.2p2.(4P).3s,5P,3,5,7
186,143.21069,0.00021,200000000.0,C+,2s.2p3,5S*,2,2s.2p2.(4P).3s,5P,2,5,5
187,143.253,0.0005,210000000.0,C+,2s.2p3,5S*,2,2s.2p2.(4P).3s,5P,1,5,3
188,145.903102,6e-06,55000000.0,B,2s2.2p2,1D,2,2s2.2p.3d,1P*,1,5,3
189,146.333634,6e-06,179000000.0,B+,2s2.2p2,1D,2,2s2.2p.3d,1F*,3,5,7
190,146.740223,6e-06,54900000.0,A,2s2.2p2,1D,2,2s2.2p.4s,1P*,1,5,3
191,147.009352,6e-06,1410000.0,A,2s2.2p2,1D,2,2s2.2p.3d,3F*,3,5,7
192,147.04491,6e-06,54000.0,C+,2s2.2p2,1D,2,2s2.2p.3d,3F*,2,5,5
193,147.155229,6e-06,23000.0,C+,2s2.2p2,1D,2,2s2.2p.4s,3P*,2,5,5
194,147.223115,7e-06,779000.0,A,2s2.2p2,1D,2,2s2.2p.4s,3P*,1,5,3
195,148.176299,7e-06,35000000.0,B,2s2.2p2,1D,2,2s2.2p.3d,1D*,2,5,5
196,154.21767,3e-05,22000000.0,C+,2s2.2p2,1S,0,2s2.2p.5d,1P*,1,1,3
197,156.030828,3e-06,65400000.0,A,2s2.2p2,3P,0,2s.2p3,3D*,1,1,3
198,156.06814,3e-06,88000000.0,A,2s2.2p2,3P,1,2s.2p3,3D*,2,3,5
199,156.070806,3e-06,48900000.0,A,2s2.2p2,3P,1,2s.2p3,3D*,1,3,3
200,156.133924,3e-06,29300000.0,A,2s2.2p2,3P,2,2s.2p3,3D*,2,5,5
201,156.136592,3e-06,3250000.0,A,2s2.2p2,3P,2,2s.2p3,3D*,1,5,3
202,156.143734,3e-06,117000000.0,A,2s2.2p2,3P,2,2s.2p3,3D*,3,5,7
203,160.081744,8e-06,360000.0,C,2s2.2p2,1S,0,2s2.2p.4d,3P*,1,1,3
204,160.297211,8e-06,45000000.0,B,2s2.2p2,1S,0,2s2.2p.4d,1P*,1,1,3
205,160.696071,1.5e-05,5300000.0,C,2s2.2p2,1S,0,2s2.2p.5s,1P*,1,1,3
206,160.84378,8e-06,1700000.0,C,2s2.2p2,1S,0,2s2.2p.4d,3D*,1,1,3
207,161.337599,3e-06,36000.0,B,2s2.2p2,3P,0,2s2.2p.3s,1P*,1,1,3
208,161.380343,3e-06,28000.0,B,2s2.2p2,3P,1,2s2.2p.3s,1P*,1,3,3
209,161.450683,3e-06,30000.0,B,2s2.2p2,3P,2,2s2.2p.3s,1P*,1,5,3
210,165.626662,4e-06,87000000.0,A,2s2.2p2,3P,1,2s2.2p.3s,3P*,2,3,5
211,165.692784,4e-06,116000000.0,A,2s2.2p2,3P,0,2s2.2p.3s,3P*,1,1,3
212,165.700753,4e-06,261000000.0,A,2s2.2p2,3P,2,2s2.2p.3s,3P*,2,5,5
213,165.737867,4e-06,87000000.0,A,2s2.2p2,3P,1,2s2.2p.3s,3P*,1,3,3
214,165.790654,4e-06,347000000.0,A,2s2.2p2,3P,1,2s2.2p.3s,3P*,0,3,1
215,165.812058,4e-06,144000000.0,A,2s2.2p2,3P,2,2s2.2p.3s,3P*,1,5,3
216,175.18269,9e-06,84000000.0,B+,2s2.2p2,1S,0,2s2.2p.3d,1P*,1,1,3
217,176.390897,9e-06,2400000.0,C,2s2.2p2,1S,0,2s2.2p.4s,1P*,1,1,3
218,177.089119,9e-06,11000.0,C,2s2.2p2,1S,0,2s2.2p.4s,3P*,1,1,3
219,193.090544,1.1e-05,339000000.0,A,2s2.2p2,1D,2,2s2.2p.3s,1P*,1,5,3
220,199.362036,1.2e-05,82000.0,B,2s2.2p2,1D,2,2s2.2p.3s,3P*,1,5,3
221,247.931003,1.8e-05,28000000.0,C+,2s2.2p2,1S,0,2s2.2p.3s,1P*,1,1,3
222,258.367033,2e-05,5800.0,C+,2s2.2p2,1S,0,2s2.2p.3s,3P*,1,1,3
223,437.26099,3e-05,1270000.0,B,2s2.2p.3s,1P*,1,2s2.2p.5p,1P,1,3,3
224,462.28637,6e-05,0.0023,C+,2s2.2p2,3P,1,2s2.2p2,1S,0,3,1
225,462.86404,6e-05,2.2e-05,C,2s2.2p2,3P,2,2s2.2p2,1S,0,5,1
226,473.558708,7e-06,260000.0,C,2s.2p3,3D*,3,2s2.2p.5p,3P,2,7,5
227,473.648964,9e-06,46000.0,C,2s.2p3,3D*,2,2s2.2p.5p,3P,2,5,5
228,473.954584,1.6e-05,76000.0,C,2s.2p3,3D*,1,2s2.2p.5p,3P,1,3,3
229,473.979172,1.1e-05,230000.0,C,2s.2p3,3D*,2,2s2.2p.5p,3P,1,5,3
230,474.3887,0.0007,300000.0,C,2s.2p3,3D*,1,2s2.2p.5p,3P,0,3,1
231,476.36371,1.1e-05,340000.0,C,2s2.2p.3s,3P*,0,2s2.2p.4p,3P,1,1,3
232,476.385648,7e-06,270000.0,C,2s2.2p.3s,3P*,1,2s2.2p.4p,3P,2,3,5
233,476.800045,7e-06,240000.0,C,2s2.2p.3s,3P*,1,2s2.2p.4p,3P,1,3,3
234,477.13575,7e-06,1100000.0,C,2s2.2p.3s,3P*,1,2s2.2p.4p,3P,0,3,1
235,477.306793,7e-06,800000.0,C,2s2.2p.3s,3P*,2,2s2.2p.4p,3P,2,5,5
236,477.722795,7e-06,480000.0,C,2s2.2p.3s,3P*,2,2s2.2p.4p,3P,1,5,3
237,481.426179,1.2e-05,40000.0,C,2s2.2p.3s,3P*,0,2s2.2p.4p,3S,1,1,3
238,481.871842,7e-06,88000.0,C,2s2.2p.3s,3P*,1,2s2.2p.4p,3S,1,3,3
239,482.814347,7e-06,63000.0,C,2s2.2p.3s,3P*,2,2s2.2p.4p,3S,1,5,3
240,493.340196,7e-06,6000000.0,B,2s2.2p.3s,1P*,1,2s2.2p.4p,1S,0,3,1
241,501.266304,1e-05,9900.0,C,2s.2p3,3D*,3,2s2.2p.(2P*<3/2>).4f,2[3/2],2,7,5
242,501.342771,1.8e-05,82000.0,C,2s.2p3,3D*,1,2s2.2p.(2P*<3/2>).4f,2[3/2],1,3,3
243,501.367432,1e-05,44000.0,C,2s.2p3,3D*,2,2s2.2p.(2P*<3/2>).4f,2[3/2],2,5,5
244,501.849172,4e-06,130000.0,C,2s.2p3,3D*,3,2s2.2p.(2P*<3/2>).4f,2[5/2],3,7,7
245,501.919035,1.5e-05,31000.0,C,2s.2p3,3D*,1,2s2.2p.(2P*<3/2>).4f,2[5/2],2,3,5
246,501.946609,1e-05,77000.0,C,2s.2p3,3D*,2,2s2.2p.(2P*<3/2>).4f,2[5/2],2,5,5
247,502.524609,1.3e-05,180000.0,C,2s.2p3,3D*,3,2s2.2p.(2P*<3/2>).4f,2[7/2],4,7,9
248,502.633078,8e-06,71000.0,C,2s.2p3,3D*,2,2s2.2p.(2P*<3/2>).4f,2[7/2],3,5,7
249,504.046124,4e-06,470000.0,C,2s.2p3,3D*,3,2s2.2p.(2P*<1/2>).4f,2[7/2],4,7,9
250,504.153447,1e-05,190000.0,C,2s.2p3,3D*,2,2s2.2p.(2P*<1/2>).4f,2[7/2],3,5,7
251,504.28962,1.3e-05,530000.0,C,2s.2p3,3D*,1,2s2.2p.(2P*<1/2>).4f,2[5/2],2,3,5
252,504.317456,8e-06,57000.0,C,2s.2p3,3D*,2,2s2.2p.(2P*<1/2>).4f,2[5/2],2,5,5
253,504.320267,8e-06,330000.0,C,2s.2p3,3D*,2,2s2.2p.(2P*<1/2>).4f,2[5/2],3,5,7
254,505.355792,8e-06,2600000.0,B,2s2.2p.3s,1P*,1,2s2.2p.4p,1D,2,3,5
255,505.4938,0.0008,770000.0,C,2s2.2p.3p,1P,1,2s2.2p.(2P*<3/2>).7d,2[3/2]*,1,3,3
256,527.0418,0.0005,1300000.0,C,2s2.2p.3p,1P,1,2s2.2p.6d,1P*,1,3,3
257,538.18262,9e-06,1860000.0,B,2s2.2p.3s,1P*,1,2s2.2p.4p,1P,1,3,3
258,567.0513,0.0004,2400000.0,C,2s2.2p.3p,1P,1,2s2.2p.5d,1P*,1,3,3
259,579.472133,5e-06,340000.0,B,2s.2p3,3D*,3,2s2.2p.4p,3P,2,7,5
260,579.607283,1e-05,64000.0,C+,2s.2p3,3D*,2,2s2.2p.4p,3P,2,5,5
261,580.183986,1.7e-05,104000.0,C+,2s.2p3,3D*,1,2s2.2p.4p,3P,1,3,3
262,580.220831,1e-05,300000.0,B,2s.2p3,3D*,2,2s2.2p.4p,3P,1,5,3
263,580.681131,2e-05,410000.0,C+,2s.2p3,3D*,1,2s2.2p.4p,3P,0,3,1
264,597.098508,6e-06,25000.0,C,2s.2p3,3D*,3,2s2.2p.4p,3D,3,7,7
265,658.94406,3e-05,5100000.0,B,2s2.2p.3p,1P,1,2s2.2p.4d,1P*,1,3,3
266,665.73672,0.00022,500000.0,C,2s2.2p.3p,1P,1,2s2.2p.5s,1P*,1,3,3
267,666.4585,0.0008,220000.0,C,2s2.2p.3p,3P,1,2s2.2p.6s,3P*,2,3,5
268,667.3691,0.0008,670000.0,C,2s2.2p.3p,3P,2,2s2.2p.6s,3P*,2,5,5
269,667.5965,0.0005,300000.0,C,2s2.2p.3p,3P,0,2s2.2p.6s,3P*,1,1,3
270,668.1493,0.0005,220000.0,C,2s2.2p.3p,3P,1,2s2.2p.6s,3P*,1,3,3
271,668.5818,0.0009,890000.0,C,2s2.2p.3p,3P,1,2s2.2p.6s,3P*,0,3,1
272,669.0645,0.0005,370000.0,C,2s2.2p.3p,3P,2,2s2.2p.6s,3P*,1,5,3
273,671.31725,3e-05,100000.0,C,2s2.2p.3p,1P,1,2s2.2p.5s,3P*,1,3,3
274,683.002501,1.9e-05,990000.0,C,2s2.2p.3p,1P,1,2s2.2p.4d,1D*,2,3,5
275,697.22107,3e-05,33000.0,C,2s2.2p.3p,3D,1,2s2.2p.4d,1P*,1,3,3
276,702.418069,2e-05,41000.0,C,2s2.2p.3p,3D,2,2s2.2p.4d,1F*,3,5,7
277,705.88479,0.00025,160000.0,C,2s2.2p.3p,3D,2,2s2.2p.5s,1P*,1,5,3
278,708.977606,1.5e-05,690000.0,C,2s2.2p.3p,3D,3,2s2.2p.4d,3D*,3,7,7
279,709.139687,2e-05,14900.0,B,2s2.2p.3p,3D,1,2s2.2p.5s,3P*,2,3,5
280,710.20706,1.5e-05,900000.0,B,2s2.2p.3p,3D,2,2s2.2p.5s,3P*,2,5,5
281,711.08862,3e-05,1120000.0,B,2s2.2p.3p,3D,1,2s2.2p.5s,3P*,1,3,3
282,711.341849,1.5e-05,2170000.0,B,2s2.2p.3p,3D,1,2s2.2p.4d,3F*,2,3,5
283,711.51266,7e-06,2470000.0,B,2s2.2p.3p,3D,3,2s2.2p.4d,3F*,4,7,9
284,711.71325,5e-05,4400000.0,B,2s2.2p.3p,3D,1,2s2.2p.5s,3P*,0,3,1
285,711.714043,8e-06,2190000.0,B,2s2.2p.3p,3D,2,2s2.2p.4d,3F*,3,5,7
286,711.893961,1.5e-05,3300000.0,B,2s2.2p.3p,3D,3,2s2.2p.5s,3P*,2,7,5
287,712.161869,2.5e-05,3100000.0,B,2s2.2p.3p,3D,2,2s2.2p.5s,3P*,1,5,3
288,712.415867,1.5e-05,201000.0,B,2s2.2p.3p,3D,2,2s2.2p.4d,3F*,2,5,5
289,713.408118,9e-06,117000.0,B,2s2.2p.3p,3D,3,2s2.2p.4d,3F*,3,7,7
290,714.113289,1.5e-05,21000.0,C+,2s2.2p.3p,3D,3,2s2.2p.4d,3F*,2,7,5
291,736.6755,4e-05,360000.0,C,2s2.2p.3p,1D,2,2s2.2p.5d,1D*,2,5,5
292,747.53759,8e-05,1080000.0,C+,2s2.2p.3p,3S,1,2s2.2p.4d,3P*,0,3,1
293,747.8233,3e-05,1060000.0,C+,2s2.2p.3p,3S,1,2s2.2p.4d,3P*,1,3,3
294,748.550533,2.2e-05,1010000.0,C+,2s2.2p.3p,3S,1,2s2.2p.4d,3P*,2,3,5
295,761.4214,0.0003,52000.0,C,2s2.2p.3p,3S,1,2s2.2p.5s,1P*,1,3,3
296,763.702705,2.3e-05,16000.0,C,2s2.2p.3p,3S,1,2s2.2p.4d,3D*,2,3,5
297,766.452924,1.8e-05,1200000.0,B,2s2.2p.3p,3S,1,2s2.2p.5s,3P*,2,3,5
298,768.73012,3e-05,1140000.0,B,2s2.2p.3p,3S,1,2s2.2p.5s,3P*,1,3,3
299,769.46018,6e-05,1180000.0,B,2s2.2p.3p,3S,1,2s2.2p.5s,3P*,0,3,1
300,783.47975,3e-05,570000.0,B,2s2.2p.3p,3P,0,2s2.2p.4d,3P*,1,1,3
301,783.92699,9e-05,1810000.0,B,2s2.2p.3p,3P,1,2s2.2p.4d,3P*,0,3,1
302,784.24119,3e-05,520000.0,B,2s2.2p.3p,3P,1,2s2.2p.4d,3P*,1,3,3
303,785.041022,2.5e-05,400000.0,B,2s2.2p.3p,3P,1,2s2.2p.4d,3P*,2,3,5
304,785.50244,3e-05,750000.0,B,2s2.2p.3p,3P,2,2s2.2p.4d,3P*,1,5,3
305,786.304842,2.5e-05,1530000.0,B,2s2.2p.3p,3P,2,2s2.2p.4d,3P*,2,5,5
306,789.43975,4e-05,16000.0,C,2s2.2p.3p,3P,1,2s2.2p.4d,1P*,1,3,3
307,798.4184,0.0003,36000.0,C,2s2.2p.3p,3P,0,2s2.2p.5s,1P*,1,1,3
308,804.754357,2.6e-05,270000.0,B,2s2.2p.3p,3P,1,2s2.2p.5s,3P*,2,3,5
309,806.0825,1.9e-05,1090000.0,B,2s2.2p.3p,3P,2,2s2.2p.5s,3P*,2,5,5
310,806.45842,3e-05,480000.0,B,2s2.2p.3p,3P,0,2s2.2p.5s,3P*,1,1,3
311,807.2652,3e-05,380000.0,B,2s2.2p.3p,3P,1,2s2.2p.5s,3P*,1,3,3
312,808.024377,1.2e-05,12000.0,C,2s2.2p.3p,3P,2,2s2.2p.4d,3F*,3,5,7
313,808.07033,7e-05,1560000.0,B,2s2.2p.3p,3P,1,2s2.2p.5s,3P*,0,3,1
314,808.60165,3e-05,630000.0,B,2s2.2p.3p,3P,2,2s2.2p.5s,3P*,1,5,3
315,833.743553,2.1e-05,35100000.0,B+,2s2.2p.3s,1P*,1,2s2.2p.3p,1S,0,3,1
316,872.9528,0.0003,0.6,B,2s2.2p2,1D,2,2s2.2p2,1S,0,5,1
317,887.5816,0.0004,2050000.0,B,2s2.2p.3p,1D,2,2s2.2p.5s,1P*,1,5,3
318,892.10663,6e-05,110000.0,C,2s2.2p.3p,1D,2,2s2.2p.4d,3D*,1,5,3
319,897.52882,4e-05,67000.0,C,2s2.2p.3p,1D,2,2s2.2p.5s,3P*,1,5,3
320,906.392207,2.5e-05,7300000.0,B,2s2.2p.3s,3P*,1,2s2.2p.3p,3P,2,3,5
321,906.49599,4e-05,9500000.0,B,2s2.2p.3s,3P*,0,2s2.2p.3p,3P,1,1,3
322,908.077366,2.5e-05,7100000.0,B,2s2.2p.3s,3P*,1,2s2.2p.3p,3P,1,3,3
323,909.10041,2.5e-05,30000000.0,B,2s2.2p.3s,3P*,1,2s2.2p.3p,3P,0,3,1
324,909.732633,2.5e-05,22800000.0,B,2s2.2p.3s,3P*,2,2s2.2p.3p,3P,2,5,5
325,911.430247,2.5e-05,13500000.0,B,2s2.2p.3s,3P*,2,2s2.2p.3p,3P,1,5,3
326,918.539204,2e-05,280000.0,C,2s2.2p.3p,1D,2,2s2.2p.4d,1D*,2,5,5
327,940.83085,3e-05,29100000.0,B+,2s2.2p.3s,1P*,1,2s2.2p.3p,1D,2,3,5
328,960.56638,5e-05,3100000.0,B,2s2.2p.3s,3P*,0,2s2.2p.3p,3S,1,1,3
329,962.34221,3e-05,8600000.0,B,2s2.2p.3s,3P*,1,2s2.2p.3p,3S,1,3,3
330,963.027,0.004,98000.0,B,2s2.2p.3d,1F*,3,2s2.2p.(2P*<3/2>).8p,2[5/2],2,7,5
331,963.2513,0.0028,92000.0,C+,2s2.2p.3d,1D*,2,2s2.2p.7p,1P,1,5,3
332,966.10862,3e-05,12500000.0,B,2s2.2p.3s,3P*,2,2s2.2p.3p,3S,1,5,3
333,981.0985,0.0003,5.9e-08,C,2s2.2p2,3P,0,2s2.2p2,1D,2,1,5
334,982.6812,0.0003,7.3e-05,C+,2s2.2p2,3P,1,2s2.2p2,1D,2,3,5
335,985.2951,0.0003,0.00022,C+,2s2.2p2,3P,2,2s2.2p2,1D,2,5,5
336,994.4095,6e-05,230000.0,C,2s2.2p.3p,1S,0,2s2.2p.4d,1P*,1,1,3
337,1000.631,0.003,450000.0,C,2s2.2p.4s,1P*,1,2s2.2p.7p,1S,0,3,1
338,1008.056,0.003,89000.0,C,2s2.2p.4s,1P*,1,2s2.2p.7p,1D,2,3,5
339,1009.9605,0.0005,18000.0,C,2s2.2p.3p,1S,0,2s2.2p.5s,1P*,1,1,3
340,1012.66402,4e-05,20000000.0,C+,2s2.2p.3p,1P,1,2s2.2p.3d,1P*,1,3,3
341,1022.8598,5e-05,2400.0,C,2s2.2p.3p,1S,0,2s2.2p.5s,3P*,1,1,3
342,1027.672,0.003,153000.0,B,2s2.2p.3d,1F*,3,2s2.2p.7p,1D,2,7,5
343,1028.696,0.003,87000.0,C,2s2.2p.4s,1P*,1,2s2.2p.7p,1P,1,3,3
344,1038.49543,3e-05,6600.0,C,2s2.2p.3p,3D,1,2s2.2p.3d,3P*,1,3,3
345,1040.78612,3e-05,11000.0,C,2s2.2p.3p,3D,2,2s2.2p.3d,3P*,1,5,3
346,1041.647034,2.1e-05,7400.0,C,2s2.2p.3p,3D,2,2s2.2p.3d,3P*,2,5,5
347,1045.279841,1.6e-05,21000.0,C,2s2.2p.3p,3D,3,2s2.2p.3d,3P*,2,7,5
348,1048.3893,0.0007,55000.0,B,2s2.2p.3d,1D*,2,2s2.2p.6p,1D,2,5,5
349,1058.05616,3e-05,4900.0,C,2s2.2p.3p,1P,1,2s2.2p.3d,3D*,2,3,5
350,1059.64076,4e-05,7200.0,C,2s2.2p.3p,1P,1,2s2.2p.3d,3D*,1,3,3
351,1068.6011,3e-05,14000000.0,B,2s2.2p.3s,3P*,1,2s2.2p.3p,3D,2,3,5
352,1068.82754,6e-05,10400000.0,B,2s2.2p.3s,3P*,0,2s2.2p.3p,3D,1,1,3
353,1069.41774,3e-05,18400000.0,B,2s2.2p.3s,3P*,2,2s2.2p.3p,3D,3,5,7
354,1071.02668,3e-05,7500000.0,B,2s2.2p.3s,3P*,1,2s2.2p.3p,3D,1,3,3
355,1073.24719,3e-05,4400000.0,B,2s2.2p.3s,3P*,2,2s2.2p.3p,3D,2,5,5
356,1075.69393,3e-05,480000.0,B,2s2.2p.3s,3P*,2,2s2.2p.3p,3D,1,5,3
357,1076.22282,5e-05,5500.0,C,2s2.2p.3p,1P,1,2s2.2p.4s,3P*,2,3,5
358,1079.86448,5e-05,72000.0,C,2s2.2p.3p,1P,1,2s2.2p.4s,3P*,1,3,3
359,1083.065,0.003,156000.0,B,2s2.2p.3d,1D*,2,2s2.2p.6p,1P,1,5,3
360,1105.97427,4e-05,71000.0,C,2s2.2p.3p,3D,1,2s2.2p.3d,1P*,1,3,3
361,1111.018,0.004,810000.0,C,2s2.2p.4s,1P*,1,2s2.2p.6p,1S,0,3,1
362,1126.3827,0.0008,180000.0,C,2s2.2p.4s,1P*,1,2s2.2p.6p,1D,2,3,5
363,1133.33955,4e-05,20300000.0,B,2s2.2p.3p,1P,1,2s2.2p.3d,1D*,2,3,5
364,1133.92065,3e-05,150000.0,C,2s2.2p.3p,3D,2,2s2.2p.3d,1F*,3,5,7
365,1138.63525,5e-05,990000.0,C,2s.2p3,3P*,1,2s2.2p.(2P*<3/2>).4f,2[3/2],2,3,5
366,1138.64995,6e-05,950000.0,C,2s.2p3,3P*,1,2s2.2p.(2P*<3/2>).4f,2[3/2],1,3,3
367,1138.80279,4e-05,340000.0,C,2s.2p3,3P*,2,2s2.2p.(2P*<3/2>).4f,2[3/2],2,5,5
368,1138.81749,5e-05,65000.0,C,2s.2p3,3P*,2,2s2.2p.(2P*<3/2>).4f,2[3/2],1,5,3
369,1138.9311,6e-05,1300000.0,C,2s.2p3,3P*,0,2s2.2p.(2P*<3/2>).4f,2[3/2],1,1,3
370,1141.27369,5e-05,6400.0,C,2s2.2p.3s,1P*,1,2s2.2p.3p,3S,1,3,3
371,1141.62687,5e-05,640000.0,C,2s.2p3,3P*,1,2s2.2p.(2P*<3/2>).4f,2[5/2],2,3,5
372,1141.79529,4e-05,220000.0,C,2s.2p3,3P*,2,2s2.2p.(2P*<3/2>).4f,2[5/2],2,5,5
373,1141.815607,2.1e-05,2100000.0,C,2s.2p3,3P*,2,2s2.2p.(2P*<3/2>).4f,2[5/2],3,5,7
374,1150.9296,0.0008,260000.0,B,2s2.2p.3d,1F*,3,2s2.2p.6p,1D,2,7,5
375,1153.96527,4e-05,85000.0,C,2s.2p3,3P*,1,2s2.2p.(2P*<1/2>).4f,2[5/2],2,3,5
376,1154.13735,4e-05,29000.0,C,2s.2p3,3P*,2,2s2.2p.(2P*<1/2>).4f,2[5/2],2,5,5
377,1154.15207,3e-05,300000.0,C,2s.2p3,3P*,2,2s2.2p.(2P*<1/2>).4f,2[5/2],3,5,7
378,1155.96193,4e-05,200000.0,C,2s2.2p.3p,3D,1,2s2.2p.4s,1P*,1,3,3
379,1158.80085,4e-05,400000.0,C,2s2.2p.3p,3D,2,2s2.2p.4s,1P*,1,5,3
380,1162.24759,4e-05,4400000.0,B,2s2.2p.3p,3D,1,2s2.2p.3d,3D*,1,3,3
381,1163.20202,3e-05,5400000.0,B,2s2.2p.3p,3D,2,2s2.2p.3d,3D*,2,5,5
382,1165.1175,4e-05,1580000.0,B,2s2.2p.3p,3D,2,2s2.2p.3d,3D*,1,5,3
383,1165.60767,5e-05,8400000.0,B,2s2.2p.3p,3S,1,2s2.2p.3d,3P*,0,3,1
384,1166.20292,3e-05,8600000.0,B,2s2.2p.3p,3S,1,2s2.2p.3d,3P*,1,3,3
385,1166.287677,1.9e-05,7500000.0,B,2s2.2p.3p,3D,3,2s2.2p.3d,3D*,3,7,7
386,1166.508,0.003,120000.0,C,2s2.2p.4s,1P*,1,2s2.2p.6p,1P,1,3,3
387,1167.283933,1.9e-05,9100000.0,B,2s2.2p.3p,3S,1,2s2.2p.3d,3P*,2,3,5
388,1167.734,3e-05,1570000.0,B,2s2.2p.3p,3D,3,2s2.2p.3d,3D*,2,7,5
389,1175.143711,1.4e-05,22900000.0,B,2s2.2p.3p,3D,1,2s2.2p.3d,3F*,2,3,5
390,1175.652524,1.2e-05,26000000.0,B,2s2.2p.3p,3D,3,2s2.2p.3d,3F*,4,7,9
391,1175.799298,1.4e-05,24000000.0,B,2s2.2p.3p,3D,2,2s2.2p.3d,3F*,3,5,7
392,1178.07774,3e-05,2900000.0,B,2s2.2p.3p,3D,2,2s2.2p.3d,3F*,2,5,5
393,1180.430169,2.4e-05,1260000.0,B,2s2.2p.3p,3D,3,2s2.2p.3d,3F*,3,7,7
394,1182.22674,3e-05,310000.0,B,2s2.2p.3p,3D,1,2s2.2p.4s,3P*,2,3,5
395,1182.72661,3e-05,2900.0,B,2s2.2p.3p,3D,3,2s2.2p.3d,3F*,2,7,5
396,1185.196288,2.2e-05,1910000.0,B,2s2.2p.3p,3D,2,2s2.2p.4s,3P*,2,5,5
397,1186.62257,3e-05,3100000.0,B,2s2.2p.3p,3D,1,2s2.2p.4s,3P*,1,3,3
398,1188.28259,4e-05,11600000.0,B,2s2.2p.3p,3D,1,2s2.2p.4s,3P*,0,3,1
399,1189.614275,2.1e-05,8300000.0,B,2s2.2p.3p,3D,2,2s2.2p.4s,3P*,1,5,3
400,1189.901622,1.6e-05,9200000.0,B,2s2.2p.3p,3D,3,2s2.2p.4s,3P*,2,7,5
401,1251.51133,4e-05,2700.0,C,2s2.2p.3p,3D,1,2s2.2p.3d,1D*,2,3,5
402,1251.98387,5e-05,8800.0,C,2s2.2p.3p,3S,1,2s2.2p.3d,1P*,1,3,3
403,1254.83963,3e-05,19000.0,C,2s2.2p.3p,3D,2,2s2.2p.3d,1D*,2,5,5
404,1255.29328,5e-05,3800000.0,B,2s2.2p.3p,3P,0,2s2.2p.3d,3P*,1,1,3
405,1256.55729,5e-05,12700000.0,B,2s2.2p.3p,3P,1,2s2.2p.3d,3P*,0,3,1
406,1257.24909,3e-05,3600000.0,B,2s2.2p.3p,3P,1,2s2.2p.3d,3P*,1,3,3
407,1258.50557,3e-05,2450000.0,B,2s2.2p.3p,3P,1,2s2.2p.3d,3P*,2,3,5
408,1260.49371,3e-05,5100000.0,B,2s2.2p.3p,3P,2,2s2.2p.3d,3P*,1,5,3
409,1261.756686,1.4e-05,9400000.0,B,2s2.2p.3p,3P,2,2s2.2p.3d,3P*,2,5,5
410,1295.3368,0.0008,110000.0,B,2s2.2p.3d,1D*,2,2s2.2p.5p,1D,2,5,5
411,1297.41032,7e-05,15000.0,C,2s2.2p.3s,1P*,1,2s2.2p.3p,3D,1,3,3
412,1316.42594,4e-05,76000.0,C,2s2.2p.3p,3S,1,2s2.2p.4s,1P*,1,3,3
413,1324.58395,4e-05,9700.0,C,2s2.2p.3p,3S,1,2s2.2p.3d,3D*,1,3,3
414,1341.36018,3e-05,5600.0,C,2s2.2p.3p,3S,1,2s2.2p.3d,3F*,2,3,5
415,1350.596483,1.5e-05,6600000.0,C+,2s2.2p.3p,3S,1,2s2.2p.4s,3P*,2,3,5
416,1352.289,0.005,59000.0,C,2s2.2p.4p,1D,2,2s2.2p.(2P*<3/2>).8d,2[3/2]*,1,5,3
417,1355.2427,7e-05,7000.0,C,2s2.2p.3p,3P,0,2s2.2p.3d,1P*,1,1,3
418,1356.336605,1.7e-05,6500000.0,C+,2s2.2p.3p,3S,1,2s2.2p.4s,3P*,1,3,3
419,1357.52264,6e-05,30000.0,C,2s2.2p.3p,3P,1,2s2.2p.3d,1P*,1,3,3
420,1358.50585,4e-05,6600000.0,C+,2s2.2p.3p,3S,1,2s2.2p.4s,3P*,0,3,1
421,1361.30624,6e-05,3800.0,C,2s2.2p.3p,3P,2,2s2.2p.3d,1P*,1,5,3
422,1370.155756,1.9e-05,340000.0,B,2s.2p3,3D*,3,2s2.2p.3p,3P,2,7,5
423,1370.70592,9e-05,3900.0,B,2s.2p3,3D*,1,2s2.2p.3p,3P,2,3,5
424,1370.91159,6e-05,59000.0,B,2s.2p3,3D*,2,2s2.2p.3p,3P,2,5,5
425,1372.7039,0.0008,1800000.0,C,2s2.2p.4s,1P*,1,2s2.2p.5p,1S,0,3,1
426,1372.816,0.008,34000.0,C,2s2.2p.4p,1D,2,2s2.2p.(2P*<1/2>).8d,2[5/2]*,2,5,5
427,1374.56346,9e-05,99000.0,B,2s.2p3,3D*,1,2s2.2p.3p,3P,1,3,3
428,1374.77029,4e-05,300000.0,B,2s.2p3,3D*,2,2s2.2p.3p,3P,1,5,3
429,1376.90893,9e-05,400000.0,B,2s.2p3,3D*,1,2s2.2p.3p,3P,0,3,1
430,1394.382,0.0003,300000.0,B,2s2.2p.3d,1D*,2,2s2.2p.5p,1P,1,5,3
431,1399.72968,4e-05,43000.0,C,2s2.2p.3p,3P,2,2s2.2p.3d,1F*,3,5,7
432,1416.5239,0.001,510000.0,C,2s2.2p.4s,1P*,1,2s2.2p.5p,1D,2,3,5
433,1431.07491,6e-05,610000.0,C,2s2.2p.3p,3P,0,2s2.2p.4s,1P*,1,1,3
434,1433.61738,6e-05,390000.0,C,2s2.2p.3p,3P,1,2s2.2p.4s,1P*,1,3,3
435,1437.8377,5e-05,25000.0,C,2s2.2p.3p,3P,2,2s2.2p.4s,1P*,1,5,3
436,1440.35968,4e-05,9900000.0,B,2s2.2p.3p,3P,1,2s2.2p.3d,3D*,2,3,5
437,1440.72099,4e-05,6900000.0,B,2s2.2p.3p,3P,0,2s2.2p.3d,3D*,1,1,3
438,1442.406976,1.9e-05,12300000.0,B,2s2.2p.3p,3P,2,2s2.2p.3d,3D*,3,5,7
439,1443.29788,5e-05,4800000.0,B,2s2.2p.3p,3P,1,2s2.2p.3d,3D*,1,3,3
440,1444.61985,4e-05,2800000.0,B,2s2.2p.3p,3P,2,2s2.2p.3d,3D*,2,5,5
441,1447.57547,5e-05,280000.0,B,2s2.2p.3p,3P,2,2s2.2p.3d,3D*,1,5,3
442,1454.647022,2.1e-05,8600000.0,B,2s2.2p.3s,1P*,1,2s2.2p.3p,1P,1,3,3
443,1455.5646,0.0011,520000.0,B,2s2.2p.3d,1F*,3,2s2.2p.5p,1D,2,7,5
444,1455.791,0.006,83000.0,C,2s2.2p.4p,1D,2,2s2.2p.(2P*<3/2>).7d,2[3/2]*,1,5,3
445,1460.889,0.006,130000.0,C,2s2.2p.4p,1D,2,2s2.2p.(2P*<3/2>).8s,2[3/2]*,1,5,3
446,1463.23859,5e-05,210000.0,C,2s2.2p.3p,3P,1,2s2.2p.3d,3F*,2,3,5
447,1464.10093,4e-05,480000.0,C,2s2.2p.3p,3P,2,2s2.2p.3d,3F*,3,5,7
448,1467.63537,5e-05,44000.0,C,2s2.2p.3p,3P,2,2s2.2p.3d,3F*,2,5,5
449,1474.23648,4e-05,231000.0,B,2s2.2p.3p,3P,1,2s2.2p.4s,3P*,2,3,5
450,1478.36489,5e-05,380000.0,B,2s2.2p.3p,3P,0,2s2.2p.4s,3P*,1,1,3
451,1478.6997,3e-05,1380000.0,B,2s2.2p.3p,3P,2,2s2.2p.4s,3P*,2,5,5
452,1481.07832,4e-05,390000.0,B,2s2.2p.3p,3P,1,2s2.2p.4s,3P*,1,3,3
453,1483.6653,7e-05,1330000.0,B,2s2.2p.3p,3P,1,2s2.2p.4s,3P*,0,3,1
454,1483.7,0.4,97000.0,C,2s2.2p.4p,3S,1,2s2.2p.6d,3P*,0,3,1
455,1483.929,0.007,97000.0,C,2s2.2p.4p,3S,1,2s2.2p.6d,3P*,1,3,3
456,1485.58313,3e-05,640000.0,B,2s2.2p.3p,3P,2,2s2.2p.4s,3P*,1,5,3
457,1486.158,0.007,42000.0,C,2s2.2p.4p,1D,2,2s2.2p.(2P*<1/2>).7d,2[5/2]*,2,5,5
458,1486.435,0.004,96000.0,C,2s2.2p.4p,3S,1,2s2.2p.6d,3P*,2,3,5
459,1504.054,0.005,170000.0,C,2s2.2p.4p,3S,1,2s2.2p.7s,3P*,2,3,5
460,1512.054,0.003,170000.0,C,2s2.2p.4p,3S,1,2s2.2p.7s,3P*,1,3,3
461,1513.701,0.005,170000.0,C,2s2.2p.4p,3S,1,2s2.2p.7s,3P*,0,3,1
462,1535.822,0.0004,110000.0,C,2s2.2p.4s,1P*,1,2s2.2p.5p,1P,1,3,3
463,1573.165,7e-05,1100000.0,C,2s2.2p.3d,1D*,2,2s2.2p.(2P*<3/2>).4f,2[3/2],2,5,5
464,1578.88139,7e-05,1400000.0,C,2s2.2p.3d,1D*,2,2s2.2p.(2P*<3/2>).4f,2[5/2],2,5,5
465,1578.92024,5e-05,710000.0,C,2s2.2p.3d,1D*,2,2s2.2p.(2P*<3/2>).4f,2[5/2],3,5,7
466,1585.69349,5e-05,2100000.0,C,2s2.2p.3d,1D*,2,2s2.2p.(2P*<3/2>).4f,2[7/2],3,5,7
467,1600.92438,8e-05,6400000.0,C,2s2.2p.3d,1D*,2,2s2.2p.(2P*<1/2>).4f,2[7/2],3,5,7
468,1602.57935,8e-05,250000.0,C,2s2.2p.3d,1D*,2,2s2.2p.(2P*<1/2>).4f,2[5/2],2,5,5
469,1602.607735,2.6e-05,6200000.0,C,2s2.2p.3d,1D*,2,2s2.2p.(2P*<1/2>).4f,2[5/2],3,5,7
470,1633.83735,8e-05,610000.0,C,2s2.2p.3p,1D,2,2s2.2p.3d,1P*,1,5,3
471,1650.081,0.005,120000.0,C,2s2.2p.4p,1D,2,2s2.2p.6d,1P*,1,5,3
472,1661.192,0.004,220000.0,C,2s2.2p.4p,1D,2,2s2.2p.7s,1P*,1,5,3
473,1685.9621,0.00014,1200000.0,C,2s2.2p.4s,3P*,0,2s2.2p.(2P*<3/2>).4f,2[3/2],1,1,3
474,1689.28277,9e-05,1100000.0,C,2s2.2p.4s,3P*,1,2s2.2p.(2P*<3/2>).4f,2[3/2],2,3,5
475,1689.31513,0.00011,830000.0,C,2s2.2p.4s,3P*,1,2s2.2p.(2P*<3/2>).4f,2[3/2],1,3,3
476,1689.49992,3e-05,12400000.0,B,2s2.2p.3p,1D,2,2s2.2p.3d,1F*,3,5,7
477,1695.87594,9e-05,510000.0,C,2s2.2p.4s,3P*,1,2s2.2p.(2P*<3/2>).4f,2[5/2],2,3,5
478,1698.27232,9e-05,290000.0,C,2s2.2p.4s,3P*,2,2s2.2p.(2P*<3/2>).4f,2[3/2],2,5,5
479,1698.30503,0.00012,46000.0,C,2s2.2p.4s,3P*,2,2s2.2p.(2P*<3/2>).4f,2[3/2],1,5,3
480,1704.93598,9e-05,140000.0,C,2s2.2p.4s,3P*,2,2s2.2p.(2P*<3/2>).4f,2[5/2],2,5,5
481,1704.98128,4e-05,2100000.0,C,2s2.2p.4s,3P*,2,2s2.2p.(2P*<3/2>).4f,2[5/2],3,5,7
482,1705.35,0.009,44000.0,C,2s2.2p.4p,1D,2,2s2.2p.6d,1D*,2,5,5
483,1713.10496,0.00012,81000.0,C,2s2.2p.3d,3F*,2,2s2.2p.(2P*<3/2>).4f,2[3/2],2,5,5
484,1713.13824,0.00012,34000.0,C,2s2.2p.3d,3F*,2,2s2.2p.(2P*<3/2>).4f,2[3/2],1,5,3
485,1717.94584,9e-05,19000.0,C,2s2.2p.3d,3F*,3,2s2.2p.(2P*<3/2>).4f,2[3/2],2,7,5
486,1719.88576,9e-05,40000.0,C,2s2.2p.3d,3F*,2,2s2.2p.(2P*<3/2>).4f,2[5/2],2,5,5
487,1719.93186,7e-05,48000.0,C,2s2.2p.3d,3F*,2,2s2.2p.(2P*<3/2>).4f,2[5/2],3,5,7
488,1723.24648,9e-05,150000.0,C,2s2.2p.4s,3P*,1,2s2.2p.(2P*<1/2>).4f,2[5/2],2,3,5
489,1723.91956,0.00012,4900000.0,C,2s2.2p.3d,3F*,3,2s2.2p.(2P*<3/2>).4f,2[9/2],4,7,9
490,1724.7651,9e-05,45000.0,C,2s2.2p.3d,3F*,3,2s2.2p.(2P*<3/2>).4f,2[5/2],2,7,5
491,1724.81146,6e-05,8100.0,C,2s2.2p.3d,3F*,3,2s2.2p.(2P*<3/2>).4f,2[5/2],3,7,7
492,1727.97204,3e-05,8800000.0,C,2s2.2p.3d,3F*,2,2s2.2p.(2P*<3/2>).4f,2[7/2],3,5,7
493,1730.66789,9e-05,59000.0,C,2s2.2p.4s,3P*,2,2s2.2p.(2P*<1/2>).4f,2[7/2],3,5,7
494,1732.60214,8e-05,40000.0,C,2s2.2p.4s,3P*,2,2s2.2p.(2P*<1/2>).4f,2[5/2],2,5,5
495,1732.63532,5e-05,440000.0,C,2s2.2p.4s,3P*,2,2s2.2p.(2P*<1/2>).4f,2[5/2],3,5,7
496,1732.81621,0.00015,4400000.0,C,2s2.2p.3d,3F*,3,2s2.2p.(2P*<3/2>).4f,2[7/2],4,7,9
497,1732.89743,6e-05,1500000.0,C,2s2.2p.3d,3F*,3,2s2.2p.(2P*<3/2>).4f,2[7/2],3,7,7
498,1734.2119,0.00012,400000.0,C,2s2.2p.3d,3F*,4,2s2.2p.(2P*<3/2>).4f,2[9/2],4,9,9
499,1734.33126,3e-05,16000000.0,C,2s2.2p.3d,3F*,4,2s2.2p.(2P*<3/2>).4f,2[9/2],5,9,11
500,1735.11447,5e-05,140000.0,C,2s2.2p.3d,3F*,4,2s2.2p.(2P*<3/2>).4f,2[5/2],3,9,7
501,1741.2706,0.00012,7000.0,C,2s2.2p.3d,3D*,1,2s2.2p.(2P*<3/2>).4f,2[3/2],2,3,5
502,1741.30499,0.00015,1600000.0,C,2s2.2p.3d,3D*,1,2s2.2p.(2P*<3/2>).4f,2[3/2],1,3,3
503,1743.21537,0.00015,1800000.0,C,2s2.2p.3d,3F*,4,2s2.2p.(2P*<3/2>).4f,2[7/2],4,9,9
504,1743.29756,7e-05,63000.0,C,2s2.2p.3d,3F*,4,2s2.2p.(2P*<3/2>).4f,2[7/2],3,9,7
505,1745.33395,5e-05,7500000.0,B+,2s2.2p.3p,1D,2,2s2.2p.4s,1P*,1,5,3
506,1745.56652,9e-05,920000.0,C,2s2.2p.3d,3D*,2,2s2.2p.(2P*<3/2>).4f,2[3/2],2,5,5
507,1745.60107,0.00012,680000.0,C,2s2.2p.3d,3D*,2,2s2.2p.(2P*<3/2>).4f,2[3/2],1,5,3
508,1746.07438,9e-05,6000000.0,C,2s2.2p.3d,3F*,2,2s2.2p.(2P*<1/2>).4f,2[7/2],3,5,7
509,1748.04323,9e-05,1000000.0,C,2s2.2p.3d,3F*,2,2s2.2p.(2P*<1/2>).4f,2[5/2],2,5,5
510,1748.07701,6e-05,470000.0,C,2s2.2p.3d,3F*,2,2s2.2p.(2P*<1/2>).4f,2[5/2],3,5,7
511,1748.27667,0.00012,100000.0,C,2s2.2p.3d,3D*,1,2s2.2p.(2P*<3/2>).4f,2[5/2],2,3,5
512,1748.80838,9e-05,240000.0,C,2s2.2p.3d,3D*,3,2s2.2p.(2P*<3/2>).4f,2[3/2],2,7,5
513,1751.04249,6e-05,6400000.0,C,2s2.2p.3d,3F*,3,2s2.2p.(2P*<1/2>).4f,2[7/2],4,7,9
514,1751.10365,9e-05,17000.0,C,2s2.2p.3d,3F*,3,2s2.2p.(2P*<1/2>).4f,2[7/2],3,7,7
515,1752.07117,6e-05,23000.0,C,2s2.2p.3p,1D,2,2s2.2p.3d,3D*,3,5,7
516,1752.60727,9e-05,1900000.0,C,2s2.2p.3d,3D*,2,2s2.2p.(2P*<3/2>).4f,2[5/2],2,5,5
517,1752.65514,6e-05,190000.0,C,2s2.2p.3d,3D*,2,2s2.2p.(2P*<3/2>).4f,2[5/2],3,5,7
518,1753.08388,9e-05,110000.0,C,2s2.2p.3d,3F*,3,2s2.2p.(2P*<1/2>).4f,2[5/2],2,7,5
519,1753.11785,6e-05,740000.0,C,2s2.2p.3d,3F*,3,2s2.2p.(2P*<1/2>).4f,2[5/2],3,7,7
520,1754.99905,0.00012,410000.0,C,2s2.2p.3d,3D*,3,2s2.2p.(2P*<3/2>).4f,2[9/2],4,7,9
521,1755.57249,9e-05,1000000.0,C,2s2.2p.4s,1P*,1,2s2.2p.(2P*<3/2>).4f,2[3/2],2,3,5
522,1755.60744,0.00015,230000.0,C,2s2.2p.4s,1P*,1,2s2.2p.(2P*<3/2>).4f,2[3/2],1,3,3
523,1755.87535,9e-05,280000.0,C,2s2.2p.3d,3D*,3,2s2.2p.(2P*<3/2>).4f,2[5/2],2,7,5
524,1755.9234,4e-05,2900000.0,C,2s2.2p.3d,3D*,3,2s2.2p.(2P*<3/2>).4f,2[5/2],3,7,7
525,1759.70294,9e-05,580000.0,C,2s2.2p.3p,1D,2,2s2.2p.3d,3D*,1,5,3
526,1761.00491,6e-05,2900000.0,C,2s2.2p.3d,3D*,2,2s2.2p.(2P*<3/2>).4f,2[7/2],3,5,7
527,1761.66223,5e-05,470000.0,C,2s2.2p.3d,3F*,4,2s2.2p.(2P*<1/2>).4f,2[7/2],4,9,9
528,1761.72414,9e-05,18000.0,C,2s2.2p.3d,3F*,4,2s2.2p.(2P*<1/2>).4f,2[7/2],3,9,7
529,1762.69435,9e-05,2000000.0,C,2s2.2p.4s,1P*,1,2s2.2p.(2P*<3/2>).4f,2[5/2],2,3,5
530,1763.76285,6e-05,26000.0,C,2s2.2p.3d,3F*,4,2s2.2p.(2P*<1/2>).4f,2[5/2],3,9,7
531,1764.22023,0.00016,5200000.0,C,2s2.2p.3d,3D*,3,2s2.2p.(2P*<3/2>).4f,2[7/2],4,7,9
532,1764.30442,7e-05,540000.0,C,2s2.2p.3d,3D*,3,2s2.2p.(2P*<3/2>).4f,2[7/2],3,7,7
533,1767.69562,5e-05,32000.0,B,2s.2p3,3D*,3,2s2.2p.3p,3D,3,7,7
534,1768.95388,9e-05,4500.0,B,2s.2p3,3D*,2,2s2.2p.3p,3D,3,5,7
535,1777.37929,3e-05,11000000.0,C,2s2.2p.3d,3D*,1,2s2.2p.(2P*<1/2>).4f,2[5/2],2,3,5
536,1778.18315,7e-05,6300.0,B,2s.2p3,3D*,3,2s2.2p.3p,3D,2,7,5
537,1778.61643,0.00022,290000.0,B,2s2.2p.4p,1P,1,2s2.2p.5d,1D*,2,3,5
538,1779.10989,0.00016,5600.0,B,2s.2p3,3D*,1,2s2.2p.3p,3D,2,3,5
539,1779.45639,9e-05,23900.0,B,2s.2p3,3D*,2,2s2.2p.3p,3D,2,5,5
540,1779.80974,0.0001,2700000.0,C,2s2.2p.3d,3D*,2,2s2.2p.(2P*<1/2>).4f,2[7/2],3,5,7
541,1781.85545,0.0001,1500000.0,C,2s2.2p.3d,3D*,2,2s2.2p.(2P*<1/2>).4f,2[5/2],2,5,5
542,1781.89055,3e-05,6200000.0,C,2s2.2p.3d,3D*,2,2s2.2p.(2P*<1/2>).4f,2[5/2],3,5,7
543,1783.11673,3e-05,7600000.0,C,2s2.2p.3d,3D*,3,2s2.2p.(2P*<1/2>).4f,2[7/2],4,7,9
544,1783.18016,0.0001,530000.0,C,2s2.2p.3d,3D*,3,2s2.2p.(2P*<1/2>).4f,2[7/2],3,7,7
545,1784.18345,7e-05,66000.0,C,2s2.2p.3p,1D,2,2s2.2p.3d,3F*,3,5,7
546,1785.23363,0.0001,26000.0,C,2s2.2p.3d,3D*,3,2s2.2p.(2P*<1/2>).4f,2[5/2],2,7,5
547,1785.26886,6e-05,230000.0,C,2s2.2p.3d,3D*,3,2s2.2p.(2P*<1/2>).4f,2[5/2],3,7,7
548,1785.84346,0.00019,26000.0,B,2s.2p3,3D*,1,2s2.2p.3p,3D,1,3,3
549,1786.1926,0.0001,9400.0,B,2s.2p3,3D*,2,2s2.2p.3p,3D,1,5,3
550,1789.43499,7e-05,4300.0,C,2s2.2p.3p,1D,2,2s2.2p.3d,3F*,2,5,5
551,1792.28303,0.0001,220000.0,C,2s2.2p.4s,1P*,1,2s2.2p.(2P*<1/2>).4f,2[5/2],2,3,5
552,1796.40428,0.0001,510000.0,C,2s2.2p.3p,3D,1,2s.2p3,3P*,0,3,1
553,1796.68697,7e-05,4000.0,C,2s2.2p.3p,3D,1,2s.2p3,3P*,2,3,5
554,1797.10415,0.0001,120000.0,C,2s2.2p.3p,3D,1,2s.2p3,3P*,1,3,3
555,1803.55452,6e-05,65000.0,C,2s2.2p.3p,3D,2,2s.2p3,3P*,2,5,5
556,1803.97489,0.0001,380000.0,C,2s2.2p.3p,3D,2,2s.2p3,3P*,1,5,3
557,1805.91051,7e-05,630.0,C,2s2.2p.3p,1D,2,2s2.2p.4s,3P*,2,5,5
558,1814.47317,4e-05,400000.0,C,2s2.2p.3p,3D,3,2s.2p3,3P*,2,7,5
559,1815.93703,0.0001,42000.0,C,2s2.2p.3d,1F*,3,2s2.2p.(2P*<3/2>).4f,2[3/2],2,7,5
560,1816.18795,7e-05,62000.0,C,2s2.2p.3p,1D,2,2s2.2p.4s,3P*,1,5,3
561,1822.61299,0.00013,9800000.0,C,2s2.2p.3d,1F*,3,2s2.2p.(2P*<3/2>).4f,2[9/2],4,7,9
562,1823.55814,0.0001,40000.0,C,2s2.2p.3d,1F*,3,2s2.2p.(2P*<3/2>).4f,2[5/2],2,7,5
563,1823.60996,8e-05,150000.0,C,2s2.2p.3d,1F*,3,2s2.2p.(2P*<3/2>).4f,2[5/2],3,7,7
564,1832.56039,0.00017,4300000.0,C,2s2.2p.3d,1F*,3,2s2.2p.(2P*<3/2>).4f,2[7/2],4,7,9
565,1832.65123,8e-05,340000.0,C,2s2.2p.3d,1F*,3,2s2.2p.(2P*<3/2>).4f,2[7/2],3,7,7
566,1845.657,0.008,290000.0,C,2s2.2p.4p,3S,1,2s2.2p.5d,3P*,0,3,1
567,1846.912,0.005,290000.0,C,2s2.2p.4p,3S,1,2s2.2p.5d,3P*,1,3,3
568,1851.2863,0.0007,290000.0,C,2s2.2p.4p,3S,1,2s2.2p.5d,3P*,2,3,5
569,1852.95769,8e-05,990000.0,C,2s2.2p.3d,1F*,3,2s2.2p.(2P*<1/2>).4f,2[7/2],4,7,9
570,1853.02618,0.0001,570000.0,C,2s2.2p.3d,1F*,3,2s2.2p.(2P*<1/2>).4f,2[7/2],3,7,7
571,1855.24377,0.0001,3600.0,C,2s2.2p.3d,1F*,3,2s2.2p.(2P*<1/2>).4f,2[5/2],2,7,5
572,1855.28182,6e-05,570000.0,C,2s2.2p.3d,1F*,3,2s2.2p.(2P*<1/2>).4f,2[5/2],3,7,7
573,1871.64924,0.00011,3600.0,C,2s2.2p.3p,1S,0,2s2.2p.3d,3P*,1,1,3
574,1883.63512,0.00011,5900.0,C,2s.2p3,3P*,1,2s2.2p.4p,1P,1,3,3
575,1884.40463,0.00011,1900.0,C,2s.2p3,3P*,0,2s2.2p.4p,1P,1,1,3
576,1884.96091,0.00011,4200000.0,C,2s2.2p.3d,1P*,1,2s2.2p.(2P*<3/2>).4f,2[3/2],2,3,5
577,1885.0012,0.00018,3300.0,C,2s2.2p.3d,1P*,1,2s2.2p.(2P*<3/2>).4f,2[3/2],1,3,3
578,1893.1737,0.00011,5100000.0,C,2s2.2p.3d,1P*,1,2s2.2p.(2P*<3/2>).4f,2[5/2],2,3,5
579,1899.495,0.006,360000.0,C,2s2.2p.4p,3S,1,2s2.2p.6s,3P*,2,3,5
580,1913.295,0.004,360000.0,C,2s2.2p.4p,3S,1,2s2.2p.6s,3P*,1,3,3
581,1916.845,0.007,350000.0,C,2s2.2p.4p,3S,1,2s2.2p.6s,3P*,0,3,1
582,1927.34742,0.00015,440000.0,C,2s2.2p.3d,1P*,1,2s2.2p.(2P*<1/2>).4f,2[5/2],2,3,5
583,1972.73763,4e-05,1880000.0,B+,2s2.2p.3p,1D,2,2s2.2p.3d,1D*,2,5,5
584,1974.874,0.007,210000.0,C,2s2.2p.4p,3P,1,2s2.2p.5d,3D*,2,3,5
585,1978.719,0.016,270000.0,C,2s2.2p.4p,3P,2,2s2.2p.5d,3D*,3,5,7
586,1979.616,0.012,150000.0,C,2s2.2p.4p,3P,0,2s2.2p.5d,3D*,1,1,3
587,1982.015,0.007,68000.0,C,2s2.2p.4p,3P,2,2s2.2p.5d,3D*,2,5,5
588,1985.415,0.012,110000.0,C,2s2.2p.4p,3P,1,2s2.2p.5d,3D*,1,3,3
589,1992.633,0.012,7500.0,C,2s2.2p.4p,3P,2,2s2.2p.5d,3D*,1,5,3
590,2013.552,0.016,78000.0,C+,2s2.2p.4d,1F*,3,2s2.2p.(2P*<3/2>).8p,2[5/2],2,7,5
591,2102.88679,0.00013,2010000.0,B,2s2.2p.3p,1S,0,2s2.2p.3d,1P*,1,1,3
592,2116.14362,0.00013,1100000.0,C,2s2.2p.3d,3P*,2,2s2.2p.(2P*<3/2>).4f,2[3/2],2,5,5
593,2116.1944,0.00018,220000.0,C,2s2.2p.3d,3P*,2,2s2.2p.(2P*<3/2>).4f,2[3/2],1,5,3
594,2117.94,0.006,180000.0,C+,2s2.2p.4p,1D,2,2s2.2p.5d,1P*,1,5,3
595,2119.70567,0.00018,3400000.0,C,2s2.2p.3d,3P*,1,2s2.2p.(2P*<3/2>).4f,2[3/2],2,3,5
596,2119.75663,0.00018,3200000.0,C,2s2.2p.3d,3P*,1,2s2.2p.(2P*<3/2>).4f,2[3/2],1,3,3
597,2121.7261,0.00018,4200000.0,C,2s2.2p.3d,3P*,0,2s2.2p.(2P*<3/2>).4f,2[3/2],1,1,3
598,2126.50001,0.00014,700000.0,C,2s2.2p.3d,3P*,2,2s2.2p.(2P*<3/2>).4f,2[5/2],2,5,5
599,2126.57048,4e-05,6600000.0,C,2s2.2p.3d,3P*,2,2s2.2p.(2P*<3/2>).4f,2[5/2],3,5,7
600,2130.09704,0.00014,2000000.0,C,2s2.2p.3d,3P*,1,2s2.2p.(2P*<3/2>).4f,2[5/2],2,3,5
601,2137.055,0.01,159000.0,B,2s2.2p.4p,1D,2,2s2.2p.5d,1F*,3,5,7
602,2152.063,0.008,460000.0,C+,2s2.2p.4p,1D,2,2s2.2p.6s,1P*,1,5,3
603,2169.71251,0.00014,74000.0,C,2s2.2p.3d,3P*,2,2s2.2p.(2P*<1/2>).4f,2[5/2],2,5,5
604,2169.76455,9e-05,750000.0,C,2s2.2p.3d,3P*,2,2s2.2p.(2P*<1/2>).4f,2[5/2],3,5,7
605,2173.45735,0.00014,210000.0,C,2s2.2p.3d,3P*,1,2s2.2p.(2P*<1/2>).4f,2[5/2],2,3,5
606,2191.179,0.014,89000.0,C+,2s2.2p.4d,1D*,2,2s2.2p.7p,1P,1,5,3
607,2216.21513,0.00015,36000.0,C,2s2.2p.3p,3S,1,2s.2p3,3P*,0,3,1
608,2216.64541,6e-05,67000.0,C,2s2.2p.3p,3S,1,2s.2p3,3P*,2,3,5
609,2217.28043,0.00012,45000.0,C,2s2.2p.3p,3S,1,2s.2p3,3P*,1,3,3
610,2264.8198,0.0004,20000.0,C,2s2.2p.4p,1D,2,2s2.2p.5d,1D*,2,5,5
611,2278.731,0.021,160.0,C,2s2.2p.4d,3F*,2,2s2.2p.7p,3D,3,5,7
612,2285.941,0.021,5700.0,C,2s2.2p.4d,3F*,3,2s2.2p.7p,3D,3,7,7
613,2287.187,0.016,22000.0,C,2s2.2p.4d,3D*,1,2s2.2p.7p,3P,1,3,3
614,2291.28146,9e-05,2600000.0,B,2s2.2p.3p,1S,0,2s2.2p.4s,1P*,1,1,3
615,2293.511,0.009,13000.0,C,2s2.2p.4d,3D*,2,2s2.2p.7p,3P,2,5,5
616,2296.598,0.016,67000.0,C,2s2.2p.4d,3D*,2,2s2.2p.7p,3P,1,5,3
617,2299.205,0.01,74000.0,C,2s2.2p.4d,3D*,3,2s2.2p.7p,3P,2,7,5
618,2299.576,0.016,7800.0,C,2s2.2p.4d,3F*,2,2s2.2p.7p,3D,2,5,5
619,2301.725,0.011,70000.0,C,2s2.2p.4d,3F*,2,2s2.2p.7p,3D,1,5,3
620,2304.268,0.016,88000.0,C,2s2.2p.4d,3D*,1,2s2.2p.7p,3P,0,3,1
621,2305.622,0.021,64000.0,C,2s2.2p.4d,3F*,4,2s2.2p.7p,3D,3,9,7
622,2306.919,0.016,61000.0,C,2s2.2p.4d,3F*,3,2s2.2p.7p,3D,2,7,5
623,2316.1097,0.00016,280000.0,C,2s2.2p.3p,1S,0,2s2.2p.3d,3D*,1,1,3
624,2318.487,0.016,125000.0,C+,2s2.2p.4d,1F*,3,2s2.2p.7p,1D,2,7,5
625,2401.102,0.01,25000.0,C,2s2.2p.4p,1S,0,2s2.2p.6s,1P*,1,1,3
626,2414.96573,0.00017,12000.0,C,2s2.2p.3p,1S,0,2s2.2p.4s,3P*,1,1,3
627,2418.35217,0.00018,38000.0,C,2s2.2p.4s,3P*,1,2s2.2p.4p,1S,0,3,1
628,2444.96519,0.0001,350000.0,B,2s2.2p.3d,1D*,2,2s2.2p.4p,1D,2,5,5
629,2526.3321,0.00019,560000.0,C,2s2.2p.3d,3D*,1,2s2.2p.4p,1S,0,3,1
630,2556.54921,0.00012,7000000.0,B,2s2.2p.4s,1P*,1,2s2.2p.4p,1S,0,3,1
631,2563.14417,0.0002,240000.0,C+,2s2.2p.3p,3P,0,2s.2p3,3P*,1,1,3
632,2569.8791,0.0002,710000.0,C+,2s2.2p.3p,3P,1,2s.2p3,3P*,0,3,1
633,2570.45768,0.00013,170000.0,C+,2s2.2p.3p,3P,1,2s.2p3,3P*,2,3,5
634,2571.31164,0.0002,180000.0,C+,2s2.2p.3p,3P,1,2s.2p3,3P*,1,3,3
635,2584.05691,9e-05,520000.0,C+,2s2.2p.3p,3P,2,2s.2p3,3P*,2,5,5
636,2584.91993,0.00017,280000.0,C+,2s2.2p.3p,3P,2,2s.2p3,3P*,1,5,3
637,2617.9647,0.0005,1400000.0,C,2s2.2p.(2P*<3/2>).4f,2[9/2],5,2s2.2p.(2P*<3/2>).6g,2[11/2]*,6,11,13
638,2687.675,0.004,56000.0,C+,2s2.2p.4d,1D*,2,2s2.2p.6p,1D,2,5,5
639,2737.40296,0.00017,19000.0,C,2s2.2p.4s,3P*,1,2s2.2p.4p,1D,2,3,5
640,2800.509,0.00024,930.0,C,2s2.2p.3d,3F*,2,2s2.2p.4p,1D,2,5,5
641,2813.46916,0.0002,6000.0,C,2s2.2p.3d,3F*,3,2s2.2p.4p,1D,2,7,5
642,2814.341,0.0004,8500.0,C,2s2.2p.4p,1P,1,2s2.2p.4d,3P*,1,3,3
643,2876.57349,0.00025,240000.0,C,2s2.2p.3d,3D*,1,2s2.2p.4p,1D,2,3,5
644,2882.4578,0.0005,3700000.0,B,2s2.2p.4p,1P,1,2s2.2p.4d,1P*,1,3,3
645,2897.203,0.0002,1300.0,C,2s2.2p.3d,3D*,3,2s2.2p.4p,1D,2,7,5
646,2915.81482,8e-05,3600000.0,B,2s2.2p.4s,1P*,1,2s2.2p.4p,1D,2,3,5
647,2927.998,0.021,160000.0,C+,2s2.2p.4d,1D*,2,2s2.2p.6p,1P,1,5,3
648,3036.67,0.011,1700.0,C,2s2.2p.4d,3D*,1,2s2.2p.6p,3P,2,3,5
649,3046.016,0.013,42000.0,C,2s2.2p.4d,3D*,1,2s2.2p.6p,3P,1,3,3
650,3053.2605,0.0004,1600.0,C,2s2.2p.4p,1P,1,2s2.2p.4d,3D*,2,3,5
651,3053.28,0.011,25000.0,C,2s2.2p.4d,3D*,2,2s2.2p.6p,3P,2,5,5
652,3057.121,0.006,230000.0,B,2s2.2p.4d,1F*,3,2s2.2p.6p,1D,2,7,5
653,3062.73,0.013,120000.0,C,2s2.2p.4d,3D*,2,2s2.2p.6p,3P,1,5,3
654,3063.379,0.011,140000.0,C,2s2.2p.4d,3D*,3,2s2.2p.6p,3P,2,7,5
655,3070.0536,0.0008,30000.0,C,2s2.2p.4p,1P,1,2s2.2p.4d,3D*,1,3,3
656,3070.08,0.02,160000.0,C,2s2.2p.4d,3D*,1,2s2.2p.6p,3P,0,3,1
657,3072.312,0.017,300.0,C,2s2.2p.4d,3F*,2,2s2.2p.6p,3D,3,5,7
658,3077.2091,0.0006,100000.0,C,2s2.2p.4p,3D,1,2s2.2p.4d,1P*,1,3,3
659,3085.433,0.017,10000.0,C,2s2.2p.4d,3F*,3,2s2.2p.6p,3D,3,7,7
660,3086.20602,0.00017,1750000.0,B,2s2.2p.3d,1F*,3,2s2.2p.4p,1D,2,7,5
661,3095.1528,0.0006,1400.0,C,2s2.2p.4p,3D,2,2s2.2p.4d,1P*,1,5,3
662,3097.6991,0.0004,1300.0,C,2s2.2p.4p,1P,1,2s2.2p.5s,3P*,2,3,5
663,3098.58314,0.00012,490000.0,B,2s2.2p.4s,3P*,1,2s2.2p.4p,3P,2,3,5
664,3104.8089,0.0003,560000.0,B,2s2.2p.4s,3P*,0,2s2.2p.4p,3P,1,1,3
665,3107.461,0.014,14000.0,C,2s2.2p.4d,3F*,2,2s2.2p.6p,3D,2,5,5
666,3116.19926,0.00017,420000.0,B,2s2.2p.4s,3P*,1,2s2.2p.4p,3P,1,3,3
667,3116.485,0.019,130000.0,C,2s2.2p.4d,3F*,2,2s2.2p.6p,3D,1,5,3
668,3120.884,0.015,110000.0,C,2s2.2p.4d,3F*,3,2s2.2p.6p,3D,2,7,5
669,3121.397,0.017,120000.0,C,2s2.2p.4d,3F*,4,2s2.2p.6p,3D,3,9,7
670,3128.96341,0.00011,1720000.0,B,2s2.2p.4s,3P*,2,2s2.2p.4p,3P,2,5,5
671,3130.5949,0.0003,2020000.0,B,2s2.2p.4s,3P*,1,2s2.2p.4p,3P,0,3,1
672,3135.2353,0.0005,110000.0,C,2s2.2p.4p,1P,1,2s2.2p.5s,3P*,1,3,3
673,3138.606,0.006,15000.0,C,2s2.2p.4d,1P*,1,2s2.2p.6p,1D,2,3,5
674,3140.1641,0.0003,1500.0,C,2s2.2p.4p,1P,1,2s2.2p.4d,3F*,2,3,5
675,3146.92766,0.00017,1070000.0,B,2s2.2p.4s,3P*,2,2s2.2p.4p,3P,1,5,3
676,3147.4146,0.001,9300.0,C,2s2.2p.4p,1P,1,2s2.2p.5s,3P*,0,3,1
677,3160.319,0.017,2100.0,C,2s2.2p.4d,3D*,2,2s2.2p.6p,3D,3,5,7
678,3169.78128,0.0002,560.0,C,2s2.2p.3d,1D*,2,2s2.2p.4p,3D,3,5,7
679,3171.14,0.017,16000.0,C,2s2.2p.4d,3D*,3,2s2.2p.6p,3D,3,7,7
680,3178.706,0.0004,60000.0,C,2s2.2p.4p,3D,2,2s2.2p.4d,1F*,3,5,7
681,3179.31,0.015,2700.0,C,2s2.2p.4d,3D*,1,2s2.2p.6p,3D,2,3,5
682,3188.757,0.02,13000.0,C,2s2.2p.4d,3D*,1,2s2.2p.6p,3D,1,3,3
683,3197.523,0.015,12000.0,C,2s2.2p.4d,3D*,2,2s2.2p.6p,3D,2,5,5
684,3198.24037,0.00021,27000.0,C,2s2.2p.3d,3F*,2,2s2.2p.4p,3P,1,5,3
685,3203.63342,0.0002,2200.0,C,2s2.2p.3d,1D*,2,2s2.2p.4p,3D,2,5,5
686,3207.078,0.021,4400.0,C,2s2.2p.4d,3D*,2,2s2.2p.6p,3D,1,5,3
687,3208.6,0.015,2700.0,C,2s2.2p.4d,3D*,3,2s2.2p.6p,3D,2,7,5
688,3212.7501,0.0004,3500.0,C,2s2.2p.4p,3D,3,2s2.2p.4d,1F*,3,7,7
689,3223.08653,0.00023,3700.0,C,2s2.2p.3d,1D*,2,2s2.2p.4p,3D,1,5,3
690,3231.168,0.005,2000.0,C,2s2.2p.4p,3D,1,2s2.2p.5s,1P*,1,3,3
691,3250.958,0.005,130000.0,C,2s2.2p.4p,3D,2,2s2.2p.5s,1P*,1,5,3
692,3272.6544,0.0004,1400.0,C+,2s2.2p.4p,3D,1,2s2.2p.4d,3D*,2,3,5
693,3278.1058,0.0003,8200.0,B,2s2.2p.3d,3D*,1,2s2.2p.4p,3P,2,3,5
694,3281.2908,0.0003,12300.0,C+,2s2.2p.4p,3D,2,2s2.2p.4d,3D*,3,5,7
695,3291.9552,0.0009,630000.0,C+,2s2.2p.4p,3D,1,2s2.2p.4d,3D*,1,3,3
696,3292.9574,0.0004,670000.0,C+,2s2.2p.4p,3D,2,2s2.2p.4d,3D*,2,5,5
697,3293.3644,0.00018,149000.0,B,2s2.2p.3d,3D*,2,2s2.2p.4p,3P,2,5,5
698,3297.8288,0.0003,330000.0,B,2s2.2p.3d,3D*,1,2s2.2p.4p,3P,1,3,3
699,3304.9233,0.0001,1170000.0,B,2s2.2p.3d,3D*,3,2s2.2p.4p,3P,2,7,5
700,3312.4991,0.0009,310000.0,C+,2s2.2p.4p,3D,2,2s2.2p.4d,3D*,1,5,3
701,3313.272,0.00018,1200000.0,B,2s2.2p.3d,3D*,2,2s2.2p.4p,3P,1,5,3
702,3313.9558,0.0003,1460000.0,B,2s2.2p.3d,3D*,1,2s2.2p.4p,3P,0,3,1
703,3315.472,0.0016,1220000.0,B,2s2.2p.4p,3S,1,2s2.2p.4d,3P*,0,3,1
704,3317.5803,0.0003,1240000.0,C+,2s2.2p.4p,3D,3,2s2.2p.4d,3D*,3,7,7
705,3321.0995,0.0006,1310000.0,B,2s2.2p.4p,3S,1,2s2.2p.4d,3P*,1,3,3
706,3322.132,0.013,24000.0,C,2s2.2p.4d,3P*,2,2s2.2p.6p,3P,2,5,5
707,3323.7622,0.0004,5200.0,B,2s2.2p.4p,3D,1,2s2.2p.5s,3P*,2,3,5
708,3329.1641,0.0003,900.0,C,2s2.2p.4s,1P*,1,2s2.2p.4p,3P,2,3,5
709,3329.5067,0.0004,560000.0,C+,2s2.2p.4p,3D,3,2s2.2p.4d,3D*,2,7,5
710,3333.2627,0.0003,580000.0,B,2s2.2p.4s,3P*,0,2s2.2p.4p,3S,1,1,3
711,3333.322,0.016,13000.0,C,2s2.2p.4d,3P*,2,2s2.2p.6p,3P,1,5,3
712,3335.4907,0.0004,1520000.0,B,2s2.2p.4p,3S,1,2s2.2p.4d,3P*,2,3,5
713,3336.532,0.013,7800.0,C,2s2.2p.4d,3P*,1,2s2.2p.6p,3P,2,3,5
714,3344.7063,0.0003,710000.0,B,2s2.2p.4p,3D,2,2s2.2p.5s,3P*,2,5,5
715,3346.39451,0.00013,1570000.0,B,2s2.2p.4s,3P*,1,2s2.2p.4p,3S,1,3,3
716,3347.82,0.016,7700.0,C,2s2.2p.4d,3P*,1,2s2.2p.6p,3P,1,3,3
717,3349.5082,0.0003,9800.0,C,2s2.2p.4s,1P*,1,2s2.2p.4p,3P,1,3,3
718,3353.558,0.016,10000.0,C,2s2.2p.4d,3P*,0,2s2.2p.6p,3P,1,1,3
719,3366.1459,0.0003,150000.0,C,2s2.2p.4s,1P*,1,2s2.2p.4p,3P,0,3,1
720,3367.0151,0.0006,720000.0,B,2s2.2p.4p,3D,1,2s2.2p.5s,3P*,1,3,3
721,3372.70026,0.00023,3900000.0,B,2s2.2p.4p,3D,1,2s2.2p.4d,3F*,2,3,5
722,3373.82951,0.00011,4400000.0,B,2s2.2p.4p,3D,3,2s2.2p.4d,3F*,4,7,9
723,3376.91,0.024,30000.0,C,2s2.2p.4d,3P*,1,2s2.2p.6p,3P,0,3,1
724,3378.39516,0.00011,4000000.0,B,2s2.2p.4p,3D,2,2s2.2p.4d,3F*,3,5,7
725,3381.0658,0.0011,2900000.0,B,2s2.2p.4p,3D,1,2s2.2p.5s,3P*,0,3,1
726,3381.85627,0.0001,2090000.0,B,2s2.2p.4s,3P*,2,2s2.2p.4p,3S,1,5,3
727,3382.42,0.0003,1950000.0,B,2s2.2p.4p,3D,3,2s2.2p.5s,3P*,2,7,5
728,3388.5096,0.0006,1980000.0,B,2s2.2p.4p,3D,2,2s2.2p.5s,3P*,1,5,3
729,3394.2677,0.0003,360000.0,B,2s2.2p.4p,3D,2,2s2.2p.4d,3F*,2,5,5
730,3407.5017,0.00023,3200000.0,B,2s2.2p.4p,1P,1,2s2.2p.4d,1D*,2,3,5
731,3409.4654,0.0003,4400.0,C,2s2.2p.3d,3P*,1,2s2.2p.4p,1S,0,3,1
732,3416.3706,0.0007,7300.0,C,2s2.2p.4p,3S,1,2s2.2p.4d,1P*,1,3,3
733,3416.87681,0.0002,182000.0,B,2s2.2p.4p,3D,3,2s2.2p.4d,3F*,3,7,7
734,3433.1138,0.0004,17100.0,B,2s2.2p.4p,3D,3,2s2.2p.4d,3F*,2,7,5
735,3441.18851,0.00024,1700.0,C,2s2.2p.3d,3F*,2,2s2.2p.4p,3S,1,5,3
736,3468.54606,0.00011,1180000.0,B,2s2.2p.3d,1D*,2,2s2.2p.4p,1P,1,5,3
737,3556.755,0.0003,3100.0,C,2s2.2p.3d,3D*,1,2s2.2p.4p,3S,1,3,3
738,3564.9851,0.0005,710000.0,C+,2s2.2p.4p,3P,0,2s2.2p.4d,3P*,1,1,3
739,3577.2861,0.0019,2800000.0,C+,2s2.2p.4p,3P,1,2s2.2p.4d,3P*,0,3,1
740,3583.8383,0.0006,900000.0,C+,2s2.2p.4p,3P,1,2s2.2p.4d,3P*,1,3,3
741,3600.6024,0.0005,340000.0,C+,2s2.2p.4p,3P,1,2s2.2p.4d,3P*,2,3,5
742,3607.19,0.007,63000.0,C,2s2.2p.4p,3S,1,2s2.2p.5s,1P*,1,3,3
743,3607.4251,0.0007,1020000.0,C+,2s2.2p.4p,3P,2,2s2.2p.4d,3P*,1,5,3
744,3616.9422,0.0003,18000.0,C,2s2.2p.4s,1P*,1,2s2.2p.4p,3S,1,3,3
745,3624.4111,0.0004,2100000.0,C+,2s2.2p.4p,3P,2,2s2.2p.4d,3P*,2,5,5
746,3674.9942,0.0009,750.0,C,2s2.2p.4p,3P,0,2s2.2p.4d,1P*,1,1,3
747,3683.0544,0.0004,380.0,C,2s2.2p.4p,3D,1,2s2.2p.4d,1D*,2,3,5
748,3683.1145,0.0011,19000.0,C,2s2.2p.4p,3S,1,2s2.2p.4d,3D*,1,3,3
749,3695.0322,0.0008,46000.0,C,2s2.2p.4p,3P,1,2s2.2p.4d,1P*,1,3,3
750,3708.7888,0.0004,12000.0,C,2s2.2p.4p,3D,2,2s2.2p.4d,1D*,2,5,5
751,3718.2902,0.0007,2260000.0,B,2s2.2p.4d,3F*,4,2s2.2p.(2P*<3/2>).5f,2[9/2],5,9,11
752,3720.1104,0.0008,10000.0,C,2s2.2p.4p,3P,2,2s2.2p.4d,1P*,1,5,3
753,3722.29218,0.00011,1960000.0,B,2s2.2p.4s,3P*,2,2s2.2p.4p,3D,3,5,7
754,3722.9752,0.0004,1360000.0,B,2s2.2p.4p,3S,1,2s2.2p.5s,3P*,2,3,5
755,3725.06695,0.00012,1530000.0,B,2s2.2p.4s,3P*,1,2s2.2p.4p,3D,2,3,5
756,3734.899,0.0003,1150000.0,B,2s2.2p.4s,3P*,0,2s2.2p.4p,3D,1,1,3
757,3749.3433,0.0015,1500000.0,C,2s2.2p.4d,3F*,2,2s2.2p.(2P*<1/2>).5f,2[7/2],3,5,7
758,3751.3939,0.0003,780000.0,B,2s2.2p.4s,3P*,1,2s2.2p.4p,3D,1,3,3
759,3768.6188,0.0011,1810000.0,B,2s2.2p.4d,3F*,3,2s2.2p.(2P*<1/2>).5f,2[7/2],4,7,9
760,3769.06114,0.00017,460000.0,B,2s2.2p.4s,3P*,2,2s2.2p.4p,3D,2,5,5
761,3777.3271,0.0007,1280000.0,B,2s2.2p.4p,3S,1,2s2.2p.5s,3P*,1,3,3
762,3784.4838,0.0004,8800.0,C,2s2.2p.4p,3S,1,2s2.2p.4d,3F*,2,3,5
763,3794.2982,0.0003,360.0,B,2s2.2p.3d,3F*,2,2s2.2p.4p,3D,3,5,7
764,3795.02,0.0014,1320000.0,B,2s2.2p.4p,3S,1,2s2.2p.5s,3P*,0,3,1
765,3796.0159,0.0003,70000.0,B,2s2.2p.4s,3P*,2,2s2.2p.4p,3D,1,5,3
766,3800.1562,0.0023,770000.0,C,2s2.2p.4d,3D*,2,2s2.2p.(2P*<3/2>).5f,2[7/2],3,5,7
767,3815.5485,0.0013,1500000.0,C,2s2.2p.4d,3D*,3,2s2.2p.(2P*<3/2>).5f,2[7/2],4,7,9
768,3818.12763,0.00023,45000.0,B,2s2.2p.3d,3F*,3,2s2.2p.4p,3D,3,7,7
769,3841.4728,0.0006,24000.0,C,2s2.2p.4p,3P,2,2s2.2p.4d,1F*,3,5,7
770,3842.906,0.0003,106000.0,B,2s2.2p.3d,3F*,2,2s2.2p.4p,3D,2,5,5
771,3854.2847,0.0004,3900.0,C,2s2.2p.3d,1P*,1,2s2.2p.4p,3P,1,3,3
772,3858.0643,0.0022,1600000.0,C,2s2.2p.4d,3D*,1,2s2.2p.(2P*<1/2>).5f,2[5/2],2,3,5
773,3867.35177,0.00013,1080000.0,B,2s2.2p.3d,3F*,3,2s2.2p.4p,3D,2,7,5
774,3868.9836,0.00013,1070000.0,B,2s2.2p.3d,3F*,4,2s2.2p.4p,3D,3,9,7
775,3870.9312,0.0003,1200000.0,B,2s2.2p.3d,3F*,2,2s2.2p.4p,3D,1,5,3
776,3896.736,0.008,94000.0,C,2s2.2p.4p,3P,0,2s2.2p.5s,1P*,1,1,3
777,3919.272,0.008,59000.0,C,2s2.2p.4p,3P,1,2s2.2p.5s,1P*,1,3,3
778,3935.2528,0.0012,1600000.0,B,2s2.2p.4d,1F*,3,2s2.2p.(2P*<3/2>).5f,2[9/2],4,7,9
779,3947.498,0.008,6300.0,C,2s2.2p.4p,3P,2,2s2.2p.5s,1P*,1,5,3
780,3957.295,0.0003,56000.0,B,2s2.2p.3d,3D*,2,2s2.2p.4p,3D,3,5,7
781,3973.99594,0.00019,220000.0,B,2s2.2p.3d,3D*,3,2s2.2p.4p,3D,3,7,7
782,3980.4765,0.0006,2030000.0,B,2s2.2p.4p,3P,1,2s2.2p.4d,3D*,2,3,5
783,3985.4877,0.0013,1430000.0,B,2s2.2p.4p,3P,0,2s2.2p.4d,3D*,1,1,3
784,3987.5966,0.0004,35000.0,B,2s2.2p.3d,3D*,1,2s2.2p.4p,3D,2,3,5
785,3988.6269,0.001,3700000.0,B,2s2.2p.(2P*<1/2>).4f,2[5/2],3,2s2.2p.(2P*<1/2>).5g,2[7/2]*,4,7,9
786,3988.8038,0.0006,3600000.0,B,2s2.2p.(2P*<1/2>).4f,2[5/2],2,2s2.2p.(2P*<1/2>).5g,2[7/2]*,3,5,7
787,3992.3106,0.0005,2250000.0,B,2s2.2p.4p,3P,2,2s2.2p.4d,3D*,3,5,7
788,3998.35,0.0003,3700000.0,B,2s2.2p.(2P*<1/2>).4f,2[7/2],3,2s2.2p.(2P*<1/2>).5g,2[9/2]*,4,7,9
789,3998.6696,0.0005,3800000.0,B,2s2.2p.(2P*<1/2>).4f,2[7/2],4,2s2.2p.(2P*<1/2>).5g,2[9/2]*,5,9,11
790,4001.0097,0.0006,3400000.0,B,2s2.2p.(2P*<3/2>).4f,2[7/2],3,2s2.2p.(2P*<3/2>).5g,2[9/2]*,4,7,9
791,4001.44,0.0005,3500000.0,B,2s2.2p.(2P*<3/2>).4f,2[7/2],4,2s2.2p.(2P*<3/2>).5g,2[9/2]*,5,9,11
792,4009.0656,0.0013,810000.0,B,2s2.2p.4p,3P,1,2s2.2p.4d,3D*,1,3,3
793,4009.5942,0.0006,310000.0,B,2s2.2p.4p,3P,2,2s2.2p.4d,3D*,2,5,5
794,4010.1977,0.0003,131000.0,B,2s2.2p.3d,3D*,2,2s2.2p.4p,3D,2,5,5
795,4017.7802,0.0005,126000.0,B,2s2.2p.3d,3D*,1,2s2.2p.4p,3D,1,3,3
796,4027.34916,0.00024,22.0,C,2s2.2p.3d,3D*,3,2s2.2p.4p,3D,2,7,5
797,4033.9234,0.0003,4200000.0,B,2s2.2p.(2P*<3/2>).4f,2[9/2],5,2s2.2p.(2P*<3/2>).5g,2[11/2]*,6,11,13
798,4034.5749,0.0005,4200000.0,B,2s2.2p.(2P*<3/2>).4f,2[9/2],4,2s2.2p.(2P*<3/2>).5g,2[11/2]*,5,9,11
799,4038.1933,0.001,3300000.0,B,2s2.2p.(2P*<3/2>).4f,2[5/2],3,2s2.2p.(2P*<3/2>).5g,2[7/2]*,4,7,9
800,4038.4481,0.0007,3100000.0,B,2s2.2p.(2P*<3/2>).4f,2[5/2],2,2s2.2p.(2P*<3/2>).5g,2[7/2]*,3,5,7
801,4038.6046,0.0013,29000.0,B,2s2.2p.4p,3P,2,2s2.2p.4d,3D*,1,5,3
802,4040.7258,0.0003,4700.0,B,2s2.2p.3d,3D*,2,2s2.2p.4p,3D,1,5,3
803,4056.3389,0.0005,30000.0,C+,2s2.2p.4p,3P,1,2s2.2p.5s,3P*,2,3,5
804,4061.5942,0.0016,3200000.0,B,2s2.2p.(2P*<3/2>).4f,2[3/2],1,2s2.2p.(2P*<3/2>).5g,2[5/2]*,2,3,5
805,4061.78,0.0016,3600000.0,B,2s2.2p.(2P*<3/2>).4f,2[3/2],2,2s2.2p.(2P*<3/2>).5g,2[5/2]*,3,5,7
806,4063.4036,0.0004,15000.0,C,2s2.2p.4s,1P*,1,2s2.2p.4p,3D,2,3,5
807,4066.6894,0.0004,760.0,C,2s2.2p.3d,3P*,2,2s2.2p.4p,1D,2,5,5
808,4068.5387,0.0005,2600.0,C,2s2.2p.4s,3P*,0,2s2.2p.4p,1P,1,1,3
809,4079.8648,0.0005,1300.0,C,2s2.2p.3d,3P*,1,2s2.2p.4p,1D,2,3,5
810,4086.5813,0.0005,460000.0,C+,2s2.2p.4p,3P,2,2s2.2p.5s,3P*,2,5,5
811,4088.12,0.0004,48000.0,C,2s2.2p.4s,3P*,1,2s2.2p.4p,1P,1,3,3
812,4094.7503,0.0005,2200.0,C,2s2.2p.4s,1P*,1,2s2.2p.4p,3D,1,3,3
813,4096.0367,0.0008,109000.0,C+,2s2.2p.4p,3P,0,2s2.2p.5s,3P*,1,1,3
814,4097.0795,0.001,460000.0,C,2s2.2p.(2P*<3/2>).4f,2[7/2],4,2s2.2p.(2P*<1/2>).5g,2[9/2]*,5,9,11
815,4120.9447,0.0008,106000.0,C+,2s2.2p.4p,3P,1,2s2.2p.5s,3P*,1,3,3
816,4129.4641,0.0005,42000.0,C,2s2.2p.4p,3P,1,2s2.2p.4d,3F*,2,3,5
817,4136.985,0.0003,100000.0,C,2s2.2p.4p,3P,2,2s2.2p.4d,3F*,3,5,7
818,4142.012,0.0017,360000.0,C+,2s2.2p.4p,3P,1,2s2.2p.5s,3P*,0,3,1
819,4152.1619,0.0009,190000.0,C+,2s2.2p.4p,3P,2,2s2.2p.5s,3P*,1,5,3
820,4160.811,0.0005,20000.0,C,2s2.2p.4p,3P,2,2s2.2p.4d,3F*,2,5,5
821,4197.029,0.011,910000.0,C,2s2.2p.4d,3P*,1,2s2.2p.(2P*<3/2>).5f,2[3/2],2,3,5
822,4202.4772,0.0025,1300000.0,C,2s2.2p.4d,3P*,2,2s2.2p.(2P*<3/2>).5f,2[5/2],3,5,7
823,4212.7106,0.0005,3700.0,C,2s2.2p.3d,1P*,1,2s2.2p.4p,3S,1,3,3
824,4230.487,0.0004,2700.0,C,2s2.2p.3d,3F*,2,2s2.2p.4p,1P,1,5,3
825,4262.1307,0.0009,7400.0,C,2s2.2p.4p,1D,2,2s2.2p.4d,3P*,1,5,3
826,4285.862,0.0007,3400.0,C,2s2.2p.4p,1D,2,2s2.2p.4d,3P*,2,5,5
827,4402.1014,0.0004,3000.0,C,2s2.2p.3d,1F*,3,2s2.2p.4p,3D,2,7,5
828,4406.5037,0.0006,23000.0,C,2s2.2p.3d,3D*,1,2s2.2p.4p,1P,1,3,3
829,4420.3267,0.0012,223000.0,B+,2s2.2p.4p,1D,2,2s2.2p.4d,1P*,1,5,3
830,4499.2601,0.0003,740000.0,C+,2s2.2p.4s,1P*,1,2s2.2p.4p,1P,1,3,3
831,4592.7342,0.0006,2340000.0,B+,2s2.2p.4p,1D,2,2s2.2p.4d,1F*,3,5,7
832,4643.5343,0.0006,530.0,C,2s2.2p.4p,3P,2,2s2.2p.4d,1D*,2,5,5
833,4745.107,0.011,1560000.0,B+,2s2.2p.4p,1D,2,2s2.2p.5s,1P*,1,5,3
834,4810.0069,0.0009,14000.0,C,2s2.2p.4p,1D,2,2s2.2p.4d,3D*,3,5,7
835,4835.1179,0.0009,480.0,C,2s2.2p.4p,1D,2,2s2.2p.4d,3D*,2,5,5
836,4875.3054,0.0007,12000.0,C,2s2.2p.3d,1P*,1,2s2.2p.4p,3D,1,3,3
837,4877.3666,0.0019,82000.0,C,2s2.2p.4p,1D,2,2s2.2p.4d,3D*,1,5,3
838,4918.3876,0.0003,490000.0,B,2s2.2p.3d,3P*,2,2s2.2p.4p,3P,2,5,5
839,4937.6729,0.0005,147000.0,B,2s2.2p.3d,3P*,1,2s2.2p.4p,3P,2,3,5
840,4947.514,0.001,430.0,C,2s2.2p.4p,1D,2,2s2.2p.5s,3P*,2,5,5
841,4962.9207,0.0005,213000.0,B,2s2.2p.3d,3P*,2,2s2.2p.4p,3P,1,5,3
842,4982.5574,0.0006,177000.0,B,2s2.2p.3d,3P*,1,2s2.2p.4p,3P,1,3,3
843,4993.4524,0.001,203000.0,B,2s2.2p.3d,3P*,0,2s2.2p.4p,3P,1,1,3
844,5019.4627,0.0008,570000.0,B,2s2.2p.3d,3P*,1,2s2.2p.4p,3P,0,3,1
845,5021.5846,0.0008,27000.0,C,2s2.2p.4p,1D,2,2s2.2p.4d,3F*,3,5,7
846,5043.9634,0.0013,37000.0,C,2s2.2p.4p,1D,2,2s2.2p.5s,3P*,1,5,3
847,5056.7325,0.0008,3300.0,C,2s2.2p.4p,1D,2,2s2.2p.4d,3F*,2,5,5
848,5256.943,0.014,138000.0,C+,2s2.2p.4d,1D*,2,2s2.2p.5p,1D,2,5,5
849,5363.9586,0.0014,12000.0,C,2s2.2p.4p,1S,0,2s2.2p.4d,3P*,1,1,3
850,5459.7375,0.0009,540000.0,C+,2s2.2p.3d,1P*,1,2s2.2p.4p,1P,1,3,3
851,5573.5272,0.0005,128000.0,B,2s2.2p.3d,3P*,2,2s2.2p.4p,3S,1,5,3
852,5598.3052,0.0007,45000.0,B,2s2.2p.3d,3P*,1,2s2.2p.4p,3S,1,3,3
853,5612.0632,0.0013,11300.0,B,2s2.2p.3d,3P*,0,2s2.2p.4p,3S,1,1,3
854,5616.9466,0.0019,270000.0,B,2s2.2p.4p,1S,0,2s2.2p.4d,1P*,1,1,3
855,5787.9883,0.001,308000.0,B+,2s2.2p.4p,1D,2,2s2.2p.4d,1D*,2,5,5
856,6152.012,0.019,620000.0,B,2s2.2p.4p,1S,0,2s2.2p.5s,1P*,1,1,3
857,6277.295,0.016,63000.0,C+,2s2.2p.4d,1P*,1,2s2.2p.5p,1S,0,3,1
858,6376.18,0.003,50000.0,C,2s2.2p.4p,1S,0,2s2.2p.4d,3D*,1,1,3
859,6562.7275,0.0006,34000.0,C,2s2.2p.3d,3P*,2,2s2.2p.4p,3D,3,5,7
860,6663.9194,0.0022,6900.0,C,2s2.2p.4p,1S,0,2s2.2p.5s,3P*,1,1,3
861,6709.5152,0.0007,6300.0,C,2s2.2p.3d,3P*,2,2s2.2p.4p,3D,2,5,5
862,6745.4555,0.001,23000.0,C,2s2.2p.3d,3P*,1,2s2.2p.4p,3D,2,3,5
863,6795.4128,0.001,500.0,C,2s2.2p.3d,3P*,2,2s2.2p.4p,3D,1,5,3
864,6832.2818,0.0014,11000.0,C,2s2.2p.3d,3P*,1,2s2.2p.4p,3D,1,3,3
865,6852.7844,0.0019,16000.0,C,2s2.2p.3d,3P*,0,2s2.2p.4p,3D,1,1,3
866,6884.161,0.024,700000.0,B,2s2.2p.4d,1F*,3,2s2.2p.5p,1D,2,7,5
867,7227.951,0.005,6000.0,C,2s2.2p.4d,3D*,1,2s2.2p.5p,3P,2,3,5
868,7305.619,0.005,150000.0,C,2s2.2p.4d,3D*,1,2s2.2p.5p,3P,1,3,3
869,7311.62,0.03,168000.0,B,2s2.2p.4d,1P*,1,2s2.2p.5p,1D,2,3,5
870,7322.774,0.003,86000.0,C,2s2.2p.4d,3D*,2,2s2.2p.5p,3P,2,5,5
871,7353.4,0.09,950000.0,B,2s2.2p.(2P*<3/2>).5f,2[7/2],3,2s2.2p.(2P*<3/2>).6g,2[9/2]*,4,7,9
872,7354.321,0.022,970000.0,B,2s2.2p.(2P*<3/2>).5f,2[7/2],4,2s2.2p.(2P*<3/2>).6g,2[9/2]*,5,9,11
873,7364.15,0.022,1010000.0,B,2s2.2p.(2P*<1/2>).5f,2[5/2],3,2s2.2p.(2P*<1/2>).6g,2[7/2]*,4,7,9
874,7364.68,0.03,950000.0,B,2s2.2p.(2P*<1/2>).5f,2[5/2],2,2s2.2p.(2P*<1/2>).6g,2[7/2]*,3,5,7
875,7376.14,0.01,1030000.0,B,2s2.2p.(2P*<1/2>).5f,2[7/2],3,2s2.2p.(2P*<1/2>).6g,2[9/2]*,4,7,9
876,7377.228,0.005,1060000.0,B,2s2.2p.(2P*<1/2>).5f,2[7/2],4,2s2.2p.(2P*<1/2>).6g,2[9/2]*,5,9,11
877,7381.1328,0.0022,470000.0,C,2s2.2p.4d,3D*,3,2s2.2p.5p,3P,2,7,5
878,7386.167,0.008,480000.0,C+,2s2.2p.4d,1D*,2,2s2.2p.5p,1P,1,5,3
879,7402.504,0.003,420000.0,C,2s2.2p.4d,3D*,2,2s2.2p.5p,3P,1,5,3
880,7409.189,0.022,900000.0,B,2s2.2p.(2P*<3/2>).5f,2[5/2],3,2s2.2p.(2P*<3/2>).6g,2[7/2]*,4,7,9
881,7409.89,0.08,860000.0,B,2s2.2p.(2P*<3/2>).5f,2[5/2],2,2s2.2p.(2P*<3/2>).6g,2[7/2]*,3,5,7
882,7410.14,0.16,560000.0,C,2s2.2p.4d,3D*,1,2s2.2p.5p,3P,0,3,1
883,7420.516,0.005,1090000.0,B,2s2.2p.(2P*<3/2>).5f,2[9/2],5,2s2.2p.(2P*<3/2>).6g,2[11/2]*,6,11,13
884,7421.15,0.08,1540000.0,B,2s2.2p.(2P*<3/2>).5g,2[9/2]*,4,2s2.2p.(2P*<3/2>).6h,2[11/2],5,9,11
885,7421.15,0.08,1560000.0,B,2s2.2p.(2P*<3/2>).5g,2[9/2]*,5,2s2.2p.(2P*<3/2>).6h,2[11/2],6,11,13
886,7422.328,0.022,1070000.0,B,2s2.2p.(2P*<3/2>).5f,2[9/2],4,2s2.2p.(2P*<3/2>).6g,2[11/2]*,5,9,11
887,7437.34,0.04,1610000.0,B,2s2.2p.(2P*<1/2>).5g,2[7/2]*,4,2s2.2p.(2P*<1/2>).6h,2[9/2],5,9,11
888,7437.34,0.04,1560000.0,B,2s2.2p.(2P*<1/2>).5g,2[7/2]*,3,2s2.2p.(2P*<1/2>).6h,2[9/2],4,7,9
889,7438.64,0.03,1500000.0,B,2s2.2p.(2P*<3/2>).5g,2[7/2]*,4,2s2.2p.(2P*<3/2>).6h,2[9/2],5,9,11
890,7438.64,0.03,1460000.0,B,2s2.2p.(2P*<3/2>).5g,2[7/2]*,3,2s2.2p.(2P*<3/2>).6h,2[9/2],4,7,9
891,7439.87,0.08,1620000.0,B,2s2.2p.(2P*<1/2>).5g,2[9/2]*,4,2s2.2p.(2P*<1/2>).6h,2[11/2],5,9,11
892,7439.87,0.08,1650000.0,B,2s2.2p.(2P*<1/2>).5g,2[9/2]*,5,2s2.2p.(2P*<1/2>).6h,2[11/2],6,11,13
893,7456.01,0.04,1630000.0,B,2s2.2p.(2P*<3/2>).5g,2[11/2]*,5,2s2.2p.(2P*<3/2>).6h,2[13/2],6,11,13
894,7456.02,0.04,1650000.0,B,2s2.2p.(2P*<3/2>).5g,2[11/2]*,6,2s2.2p.(2P*<3/2>).6h,2[13/2],7,13,15
895,7466.67,0.12,830000.0,B,2s2.2p.(2P*<3/2>).5f,2[3/2],1,2s2.2p.(2P*<3/2>).6g,2[5/2]*,2,3,5
896,7467.95,0.11,930000.0,B,2s2.2p.(2P*<3/2>).5f,2[3/2],2,2s2.2p.(2P*<3/2>).6g,2[5/2]*,3,5,7
897,7469.85,0.04,1430000.0,B,2s2.2p.(2P*<3/2>).5g,2[5/2]*,2,2s2.2p.(2P*<3/2>).6h,2[7/2],3,5,7
898,7469.85,0.04,1500000.0,B,2s2.2p.(2P*<3/2>).5g,2[5/2]*,3,2s2.2p.(2P*<3/2>).6h,2[7/2],4,7,9
899,8066.486,0.003,53.0,C,2s2.2p.3d,3P*,0,2s2.2p.4p,1P,1,1,3
900,8080.346,0.013,1200.0,C,2s2.2p.4d,3F*,2,2s2.2p.5p,3D,3,5,7
901,8171.743,0.013,40000.0,C,2s2.2p.4d,3F*,3,2s2.2p.5p,3D,3,7,7
902,8312.71,0.13,53000.0,C,2s2.2p.4d,3F*,2,2s2.2p.5p,3D,2,5,5
903,8409.47,0.13,410000.0,C,2s2.2p.4d,3F*,3,2s2.2p.5p,3D,2,7,5
904,8418.01,0.11,460000.0,C,2s2.2p.4d,3F*,2,2s2.2p.5p,3D,1,5,3
905,8428.949,0.014,420000.0,C,2s2.2p.4d,3F*,4,2s2.2p.5p,3D,3,9,7
906,8718.924,0.015,9200.0,C,2s2.2p.4d,3D*,2,2s2.2p.5p,3D,3,5,7
907,8801.784,0.015,71000.0,C,2s2.2p.4d,3D*,3,2s2.2p.5p,3D,3,7,7
908,8847.58,0.16,12000.0,C,2s2.2p.4d,3D*,1,2s2.2p.5p,3D,2,3,5
909,8966.97,0.13,57000.0,C,2s2.2p.4d,3D*,1,2s2.2p.5p,3D,1,3,3
910,8990.08,0.15,52000.0,C,2s2.2p.4d,3D*,2,2s2.2p.5p,3D,2,5,5
911,9078.2,0.16,11000.0,C,2s2.2p.4d,3D*,3,2s2.2p.5p,3D,2,7,5
912,9086.351,0.004,260000.0,C,2s2.2p.4d,3P*,2,2s2.2p.5p,3P,2,5,5
913,9113.37,0.13,18000.0,C,2s2.2p.4d,3D*,2,2s2.2p.5p,3D,1,5,3
914,9194.892,0.005,83000.0,C,2s2.2p.4d,3P*,1,2s2.2p.5p,3P,2,3,5
915,9209.433,0.005,140000.0,C,2s2.2p.4d,3P*,2,2s2.2p.5p,3P,1,5,3
916,9320.952,0.005,79000.0,C,2s2.2p.4d,3P*,1,2s2.2p.5p,3P,1,3,3
917,9365.567,0.014,100000.0,C,2s2.2p.4d,3P*,0,2s2.2p.5p,3P,1,1,3
918,9491.77,0.27,300000.0,C,2s2.2p.4d,3P*,1,2s2.2p.5p,3P,0,3,1
