,Configuration,Term,J,g,Level (eV),nQua
0,3p6.4s.28s,3S,nan,3.0,6.092343,28.0
1,3p6.4s.6p,1P*,nan,3.0,5.1675384,6.0
2,3p6.4s.13p,1P*,nan,3.0,6.003574,13.0
3,3p6.3d.19p,3P*,nan,3.0,7.764977,19.0
4,3p5.(2P*<3/2>).4s2.10s,2[3/2]*,nan,3.0,34.068,10.0
5,3p6.4s.48d,3D,nan,5.0,6.107034,48.0
6,3p6.3d.14p,3P*,nan,3.0,7.716419,14.0
7,3p6.4s.44p,3P*,nan,5.0,6.105462,44.0
8,3p6.4s.7f,1F*,nan,7.0,5.8291346,7.0
9,3p6.3d.44p,1P*,nan,3.0,7.805496,44.0
10,3p6.3d.5d,3D,nan,5.0,7.00126,5.0
11,3p6.3d.4p,3F*,nan,21.0,4.4405377,4.0
12,3p6.3d.31p,3D*,nan,3.0,7.789648,31.0
13,3p6.3d.5d,3S,nan,3.0,7.01241,5.0
14,3p6.3d.31f,3P*,nan,3.0,7.791196,31.0
15,3p6.4s.29p,1P*,nan,3.0,6.094664,29.0
16,3p6.4s.31s,1S,nan,1.0,6.096604,31.0
17,3p6.4s.5f,3F*,nan,21.0,5.5498872,5.0
18,3p5.(2P*<3/2>).4s2.14d,2[3/2]*,nan,3.0,34.2367,14.0
19,3p6.3d.10f,3D*,nan,3.0,7.663548,10.0
20,3p6.3d.4d,3F,nan,21.0,6.59856,4.0
21,3p6.4s.21f,1F*,nan,7.0,6.08202,21.0
22,3p6.3d.14p,3D*,nan,3.0,7.714753,14.0
23,3p5.(2P*<1/2>).4s2.6s,2[1/2]*,nan,3.0,33.4393,6.0
24,3p5.(2P*<3/2>).4s2.7s,2[3/2]*,nan,3.0,33.6301,7.0
25,3p6.4s.28s,1S,nan,1.0,6.092498,28.0
26,3p6.3d.14f,3P*,nan,3.0,7.737013,14.0
27,3p6.3d.24p,1P*,nan,3.0,7.785656,24.0
28,3p6.3d.53p,1P*,nan,3.0,7.807933,53.0
29,3p6.3d.6p,3D*,nan,3.0,6.9746,6.0
30,3p6.4s.70p,1P*,nan,3.0,6.110231,70.0
31,3p6.4s.17d,3D,nan,15.0,6.0612026666666665,17.0
32,3p6.4s.35d,3D,nan,5.0,6.101512,35.0
33,3p6.3d.32p,3D*,nan,3.0,7.790698,32.0
34,3p6.4s.12f,3F*,nan,16.0,6.017082,12.0
35,3p6.3d.54p,1P*,nan,3.0,7.808129,54.0
36,3p6.3d.53p,3D*,nan,3.0,7.8004,53.0
37,3p6.4s.10f,1F*,nan,7.0,5.9746733,10.0
38,3p6.4s.27s,3S,nan,3.0,6.090602,27.0
39,3p6.4s.65p,1P*,nan,3.0,6.109748,65.0
40,3p6.4s.28d,3D,nan,5.0,6.09474,28.0
41,3p6.3d.58p,1P*,nan,3.0,7.808816,58.0
42,3p6.3d.9f,1P*,nan,3.0,7.640229,9.0
43,3p6.3d.18f,3D*,nan,3.0,7.762744,18.0
44,3p6.4s.46p,1P*,nan,3.0,6.106173,46.0
45,3p6.3d.5p,3D*,nan,15.0,6.414573333333333,5.0
46,3p5.(2P*<3/2>).4s2.6s,2[3/2]*,nan,3.0,33.1555,6.0
47,3p6.4s.47d,3D,nan,5.0,6.106771,47.0
48,3p6.3d.54p,3D*,nan,3.0,7.800579,54.0
49,3p6.4p.7s,1P*,nan,3.0,8.5855,7.0
50,3p6.4s.28f,1F*,nan,7.0,6.095682,28.0
51,3p6.3d.36f,1P*,nan,3.0,7.802486,36.0
52,3p6.4s.18s,1S,nan,1.0,6.057693,18.0
53,3p6.3d.30f,3D*,nan,3.0,7.790214,30.0
54,3p6.3d.49p,3D*,nan,3.0,7.799471,49.0
55,3p6.3d.14p,1P*,nan,3.0,7.72273,14.0
56,3p6.4s.4d,3D,nan,15.0,4.680713966666667,4.0
57,3p6.3d.32p,1P*,nan,3.0,7.798305,32.0
58,3p6.3d.4p,3P*,nan,9.0,4.877074833333334,4.0
59,3p5.(2P*<3/2>).4s2.9s,2[3/2]*,nan,3.0,34.0059,9.0
60,3p5.(2P*<3/2>).4s2.16d,2[3/2]*,nan,3.0,34.2547,16.0
61,3p6.3d.12p,3P*,nan,3.0,7.676653,12.0
62,3p6.4s.23p,1P*,nan,3.0,6.082667,23.0
63,3p6.3d.39f,1P*,nan,3.0,7.804043,39.0
64,3p6.4s.25f,1F*,nan,7.0,6.09122,25.0
65,3p6.3d.24p,3P*,nan,3.0,7.784634,24.0
66,3p6.4s.6d,3D,nan,15.0,5.585565266666666,6.0
67,3p6.4s.12f,1F*,nan,7.0,6.0172184,12.0
68,3p6.4s.39p,1P*,nan,3.0,6.10329,39.0
69,3p6.4s.5s,1S,nan,1.0,4.1308143,5.0
70,3p6.4s.51d,3D,nan,5.0,6.107762,51.0
71,3p6.3d.6p,3P*,nan,3.0,7.009153,6.0
72,3p6.3d.25p,1P*,nan,3.0,7.78796,25.0
73,3p6.3d.52p,1P*,nan,3.0,7.807725,52.0
74,3p5.4s2.3d,3P*,nan,3.0,24.8087,3.0
75,3p6.4s.54d,3D,nan,5.0,6.108352,54.0
76,3p6.3d.30f,3P*,nan,3.0,7.790437,30.0
77,3p6.4s.36p,3P*,nan,5.0,6.101429,36.0
78,3p5.(2P*<1/2>).4s2.11d,2[3/2]*,nan,3.0,34.5258,11.0
79,3p6.4s.11d,3D,nan,15.0,5.983371333333333,11.0
80,3p6.3d.27f,3P*,nan,3.0,7.786954,27.0
81,3p6.3d.4d,3D,nan,15.0,6.3693756666666665,4.0
82,3p6.4s.7d,3D,nan,15.0,5.740951133333334,7.0
83,3p6.3d.12f,3P*,nan,3.0,7.711683,12.0
84,3p6.3d.8f,3P*,nan,3.0,7.591385,8.0
85,3p6.3d.15f,3P*,nan,3.0,7.745558,15.0
86,3p6.4s.9p,1P*,nan,3.0,5.8501163,9.0
87,3p6.3d.48p,1P*,nan,3.0,7.806754,48.0
88,3p6.3d.23p,1P*,nan,3.0,7.783077,23.0
89,3p6.4s.25d,3D,nan,5.0,6.089886,25.0
90,3p6.4s.53p,3P*,nan,5.0,6.107939,53.0
91,3p6.3d.4d,3P,nan,9.0,6.731335333333334,4.0
92,3p6.4s.22p,3P*,nan,5.0,6.07928,22.0
93,3p6.4p.5d,1P*,nan,3.0,8.2546,5.0
94,3p6.3d.36p,3D*,nan,3.0,7.793969,36.0
95,3p6.4s.61d,1D,nan,5.0,6.109393,61.0
96,3p6.3d.18f,1P*,nan,3.0,7.770277,18.0
97,3p6.3d.28f,3D*,nan,3.0,7.787695,28.0
98,3p6.4p.6d,1P*,nan,3.0,8.6346,6.0
99,3p6.3d.15p,1P*,nan,3.0,7.735623,15.0
100,3p6.4s.32p,3P*,nan,5.0,6.098085,32.0
101,3p6.3d.4p,1D*,nan,5.0,4.443025,4.0
102,3p6.3d.40p,3D*,nan,3.0,7.79628,40.0
103,3p6.4s.53d,1D,nan,5.0,6.108053,53.0
104,3p6.3d.39p,1P*,nan,3.0,7.80332,39.0
105,3p6.3d.61p,1P*,nan,3.0,7.809232,61.0
106,3p6.4s.11f,3F*,nan,21.0,5.9986977,11.0
107,3p6.4s.5p,3P*,nan,9.0,4.532761300000001,5.0
108,3p6.4s.14p,1P*,nan,3.0,6.020809,14.0
109,3p6.4s.17f,1F*,nan,7.0,6.065549,17.0
110,3p6.3d.25p,3P*,nan,3.0,7.787187,25.0
111,3p6.4s.18d,1D,nan,5.0,6.066397,18.0
112,3p6.4p.7d,1P*,nan,3.0,8.8323,7.0
113,3p6.4s.4f,1F*,nan,7.0,5.2499357,4.0
114,3p6.4s.7p,1P*,nan,3.0,5.6320266,7.0
115,3p6.4s.64p,1P*,nan,3.0,6.109638,64.0
116,3p6.4s.19d,3D,nan,15.0,6.0719883333333335,19.0
117,3p6.3d.31p,3P*,nan,3.0,7.796718,31.0
118,3p6.4s.7s,3S,nan,3.0,5.4529201,7.0
119,3p6.3d.9p,1P*,nan,3.0,7.55976,9.0
120,3p6.4s.56p,3P*,nan,5.0,6.108503,56.0
121,3p6.3d.37p,1P*,nan,3.0,7.802178,37.0
122,3p6.4s.5f,1F*,nan,7.0,5.5550969,5.0
123,3p5.4s2.3d,1P*,nan,3.0,31.406,3.0
124,3p6.3d.19p,1P*,nan,3.0,7.767408,19.0
125,3p6.4s.19d,1D,nan,5.0,6.071271,19.0
126,3p6.3d.21p,3P*,nan,3.0,7.775219,21.0
127,3p6.3d.47p,1P*,nan,3.0,7.80647,47.0
128,3p6.4s.57d,1D,nan,5.0,6.108751,57.0
129,3p6.3d.22f,3P*,nan,3.0,7.777428,22.0
130,3p6.3d.46p,1P*,nan,3.0,7.80617,46.0
131,3p6.4s.31d,1D,nan,5.0,6.097835,31.0
132,3p6.3d.16f,3P*,nan,3.0,7.753215,16.0
133,3p6.3d.27p,3P*,nan,3.0,7.790975,27.0
134,3p6.4s.37p,1P*,nan,3.0,6.102133,37.0
135,3p6.4s.52p,1P*,nan,3.0,6.107747,52.0
136,3p6.3d.18p,3P*,nan,3.0,7.759489,18.0
137,3p6.3d.11f,1P*,nan,3.0,7.697549,11.0
138,3p6.4s.51p,3P*,nan,5.0,6.107506,51.0
139,3p6.4s.10h,1H*,nan,11.0,5.977,10.0
140,3p6.3d.19f,1P*,nan,3.0,7.774358,19.0
141,3p6.4s.29s,1S,nan,1.0,6.09402,29.0
142,3p6.4s.36d,1D,nan,5.0,6.101896,36.0
143,3p6.4s.20f,1F*,nan,7.0,6.078813,20.0
144,3p6.4s.6f,1F*,nan,7.0,5.7258877,6.0
145,3p6.4s.29d,1D,nan,5.0,6.095574,29.0
146,3p6.3d.36p,1P*,nan,3.0,7.801535,36.0
147,3p6.4s.49d,1D,nan,5.0,6.107181,49.0
148,3p6.4s.9d,1D,nan,5.0,5.927981,9.0
149,3p6.4s.27p,3P*,nan,5.0,6.09146,27.0
150,3p6.3d.45p,3D*,nan,3.0,7.798305,45.0
151,3p6.3d.27p,1P*,nan,3.0,7.79182,27.0
152,3p6.4s.6p,3P*,nan,9.0,5.271814066666667,6.0
153,3p6.3d.33p,1P*,nan,3.0,7.79922,33.0
154,3p6.4s.30p,3P*,nan,5.0,6.09586,30.0
155,3p6.3d.11f,3D*,nan,3.0,7.688157,11.0
156,3p5.(2P*<3/2>).4s2.11d,2[3/2]*,nan,3.0,34.1857,11.0
157,3p6.3d.43p,3D*,nan,3.0,7.797571,43.0
158,3p6.4s.48d,1D,nan,5.0,6.106921,48.0
159,3p6.4s.7f,3F*,nan,21.0,5.8280373333333335,7.0
160,3p6.4s.25s,1S,nan,1.0,6.086656,25.0
161,3p6.4s.15p,3P*,nan,5.0,6.0331,15.0
162,3p6.4s.33p,1P*,nan,3.0,6.099115,33.0
163,3p6.4s.58d,1D,nan,5.0,6.108923,58.0
164,3p6.3d.7f,3D*,nan,3.0,7.517432,7.0
165,3p5.(2P*<1/2>).4s2.13s,2[1/2]*,nan,3.0,34.5338,13.0
166,3p5.(2P*<1/2>).4s2.12s,2[1/2]*,nan,3.0,34.5051,12.0
167,3p6.4s.12s,3S,nan,3.0,5.964138,12.0
168,3p6.4s.47p,3P*,nan,5.0,6.106454,47.0
169,3p6.3d.26f,3D*,nan,3.0,7.784978,26.0
170,3p6.4s.19f,1F*,nan,7.0,6.075088,19.0
171,3p6.4s.27f,1F*,nan,7.0,6.094355,27.0
172,3p6.3d.13f,1P*,nan,3.0,7.729977,13.0
173,3p6.3d.31p,1P*,nan,3.0,7.797242,31.0
174,3p6.4s.46d,3D,nan,5.0,6.106482,46.0
175,3p6.4s.57p,1P*,nan,3.0,6.108687,57.0
176,3p5.(2P*<1/2>).4s2.15d,2[3/2]*,nan,3.0,34.5895,15.0
177,3p6.4s.43p,1P*,nan,3.0,6.105117,43.0
178,3p6.4s.10d,1D,nan,5.0,5.961583,10.0
179,3p6.3d.34p,1P*,nan,3.0,7.800033,34.0
180,3p6.4s.15d,3D,nan,15.0,6.045609666666667,15.0
181,3p6.4s.55d,3D,nan,5.0,6.108524,55.0
182,3p6.4s.24p,1P*,nan,3.0,6.085361,24.0
183,3p6.4s.21d,1D,nan,5.0,6.079013,21.0
184,3p6.3d.16p,3P*,nan,3.0,7.742025,16.0
185,3p6.3d.58p,3D*,nan,3.0,7.801263,58.0
186,3p6.4s.6s,3S,nan,3.0,5.0181663,6.0
187,3p6.4s.39d,3D,nan,5.0,6.103809,39.0
188,3p5.(2P*<3/2>).4s2.12d,2[3/2]*,nan,3.0,34.207,12.0
189,3p6.4s.45p,3P*,nan,5.0,6.105818,45.0
190,3p6.4s.7d,1D,nan,5.0,5.728086,7.0
191,3p6.4s.14p,3P*,nan,8.0,6.019235,14.0
192,3p6.3d.5p,1P*,nan,3.0,6.58,5.0
193,3p6.4s.60d,3D,nan,5.0,6.109262,60.0
194,3p6.4s.23d,1D,nan,5.0,6.084832,23.0
195,3p6.4s.11p,1P*,nan,3.0,5.95093,11.0
196,3p6.4s.4f,3F*,nan,21.0,5.228487966666666,4.0
197,3p6.4s.29d,3D,nan,5.0,6.095999,29.0
198,3p6.4s.4p,1P*,nan,3.0,2.932512,4.0
199,3p6.4p2,1D,nan,5.0,5.0486176,4.0
200,3p6.4s.45d,1D,nan,5.0,6.106038,45.0
201,3p6.4s.44d,1D,nan,5.0,6.105701,44.0
202,3p6.4s.54p,3P*,nan,5.0,6.108136,54.0
203,3p6.3d.5f,3D*,nan,3.0,7.244559,5.0
204,3p6.4p.14s,3P*,nan,3.0,9.128,14.0
205,3p6.3d.13p,3P*,nan,3.0,7.699057,13.0
206,3p6.4p.13s,1P*,nan,3.0,9.1368,13.0
207,3p6.3d.14f,3D*,nan,3.0,7.73355,14.0
208,3p6.4s.50d,1D,nan,5.0,6.107422,50.0
209,3p6.4s.27d,1D,nan,5.0,6.092786,27.0
210,3p6.4s.38p,1P*,nan,3.0,6.102734,38.0
211,3p6.4s.60d,1D,nan,5.0,6.109233,60.0
212,3p6.3d.23f,3P*,nan,3.0,7.779826,23.0
213,3p6.4p.4d,3D*?,nan,3.0,7.75558,4.0
214,3p5.(2P*<3/2>).4s2.13d,2[3/2]*,nan,3.0,34.2244,13.0
215,3p6.3d.9p,3P*,nan,3.0,7.546829,9.0
216,3p6.4s.56d,3D,nan,5.0,6.108703,56.0
217,3p6.4s.15f,1F*,nan,7.0,6.051928,15.0
218,3p6.3d.12f,1P*,nan,3.0,7.716091,12.0
219,3p6.4s.9f,1F*,nan,7.0,5.9419361,9.0
220,3p6.4s.10s,1S,nan,1.0,5.8814968,10.0
221,3p6.4s.73p,1P*,nan,3.0,6.110474,73.0
222,3p6.4s.20p,1P*,nan,3.0,6.071745,20.0
223,3p6.3d.21f,1P*,nan,3.0,7.781603,21.0
224,3p6.4s.49p,1P*,nan,3.0,6.107035,49.0
225,3p6.3d.4p,1F*,nan,7.0,5.0260582,4.0
226,3p6.4s.31d,3D,nan,5.0,6.098193,31.0
227,3p6.3d.4d,3S,nan,3.0,6.39408,4.0
228,3p6.4p.16s,3P*,nan,3.0,9.1565,16.0
229,3p6.3d.19p,3D*,nan,3.0,7.759902,19.0
230,3p6.4s.25d,1D,nan,5.0,6.089287,25.0
231,3p6.4s.56d,1D,nan,5.0,6.108618,56.0
232,3p6.3d.11p,1P*,nan,3.0,7.65568,11.0
233,3p6.4p.12s,1P*,nan,3.0,9.1059,12.0
234,3p6.4s.20d,1D,nan,5.0,6.075432,20.0
235,3p6.4s.58p,3P*,nan,5.0,6.108827,58.0
236,3p6.3d.57p,1P*,nan,3.0,7.808653,57.0
237,3p6.3d.35p,1P*,nan,3.0,7.800817,35.0
238,3p6.4s.59d,1D,nan,5.0,6.109085,59.0
239,3p6.3d.37f,1P*,nan,3.0,7.803055,37.0
240,3p6.3d.22f,3D*,nan,3.0,7.77634,22.0
241,3p6.4s.74p,1P*,nan,3.0,6.110546,74.0
242,3p6.4s.35s,3S,nan,3.0,6.100329,35.0
243,3p6.4s.5d,1D,nan,5.0,5.3212844,5.0
244,3p6.3d.17p,1P*,nan,3.0,7.754983,17.0
245,3p5.4s2.4d,1P*,nan,3.0,33.555,4.0
246,3p6.3d.15p,3P*,nan,3.0,7.730654,15.0
247,3p6.4s.6s,1S,nan,1.0,5.044971,6.0
248,3p5.(2P*<1/2>).4s2.17d,2[3/2]*,nan,3.0,34.6061,17.0
249,3p6.3d.23p,3D*,nan,3.0,7.775451,23.0
250,3p6.3d.5f,1P*,nan,3.0,7.253806,5.0
251,3p6.3d.13f,3P*,nan,3.0,7.725781,13.0
252,3p6.3d.22p,3D*,nan,3.0,7.772183,22.0
253,3p6.4s.23f,1F*,nan,7.0,6.08722,23.0
254,3p6.4s.24p,3P*,nan,5.0,6.085149,24.0
255,3p6.3d.18p,3D*,nan,3.0,7.753896,18.0
256,3p6.3d.16p,3D*,nan,3.0,7.738656,16.0
257,3p6.4s.7s,1S,nan,1.0,5.4895911,7.0
258,3p6.4s.43d,1D,nan,5.0,6.105345,43.0
259,3p6.3d.6f,1P*,nan,3.0,7.42399,6.0
260,3p6.4p.9d,1P*,nan,3.0,9.0349,9.0
261,Limit,nan,nan,0.0,6.11315547,nan
262,3p6.4s.31s,3S,nan,3.0,6.096479,31.0
263,3p6.3d.17p,3D*,nan,3.0,7.747332,17.0
264,3p6.4s.27s,1S,nan,1.0,6.090778,27.0
265,3p6.4s.57d,3D,nan,5.0,6.108856,57.0
266,3p6.4s.79p,1P*,nan,3.0,6.11088,79.0
267,3p6.3d.7f,1P*,nan,3.0,7.527024,7.0
268,3p6.4s.22s,3S,nan,3.0,6.077598,22.0
269,3p6.4s.16p,1P*,nan,3.0,6.045029,16.0
270,3p6.4s.62p,1P*,nan,3.0,6.109398,62.0
271,3p6.3d.15f,3D*,nan,3.0,7.743291,15.0
272,3p6.4s.13s,3S,nan,3.0,5.991058,13.0
273,3p6.4s.66p,1P*,nan,3.0,6.109855,66.0
274,3p6.4s.25s,3S,nan,3.0,6.086434,25.0
275,3p6.4p.10s,3P*,nan,3.0,8.9778,10.0
276,3p6.3d.26f,3P*,nan,3.0,7.785487,26.0
277,3p6.4s.57p,3P*,nan,5.0,6.108673,57.0
278,3p5.(2P*<3/2>).4s2.8d,2[3/2]*,nan,3.0,34.0525,8.0
279,3p6.4s.14d,3D,nan,15.0,6.03502,14.0
280,3p5.(2P*<3/2>).4s2.5s,2[3/2]*,nan,3.0,31.9553,5.0
281,3p6.3d.23p,3P*,nan,3.0,7.781603,23.0
282,3p6.3d.6f,3D*,nan,3.0,7.414529,6.0
283,3p6.4s.25p,1P*,nan,3.0,6.087713,25.0
284,3p6.3d.37p,3D*,nan,3.0,7.794622,37.0
285,3p6.4s.46d,1D,nan,5.0,6.106352,46.0
286,3p6.4s.11s,3S,nan,3.0,5.927213,11.0
287,3p6.4s.15s,1S,nan,1.0,6.028301,15.0
288,3p6.3d.10p,3D*,nan,3.0,7.601056,10.0
289,3p6.4p.14s,1P*,nan,3.0,9.1565,14.0
290,3p6.4s.18p,3P*,nan,5.0,6.060262,18.0
291,3p6.4s.8s,1S,nan,1.0,5.6892877,8.0
292,3p6.3d.18f,3P*,nan,3.0,7.763521,18.0
293,3p6.4s.37p,3P*,nan,5.0,6.102082,37.0
294,3p6.4s.12p,3P*,nan,8.0,5.978033,12.0
295,3p6.4s.17d,1D,nan,5.0,6.060641,17.0
296,3p6.4s.12d,1D,nan,5.0,6.007249,12.0
297,3p6.4s.39p,3P*,nan,5.0,6.103249,39.0
298,3p6.3d.26p,1P*,nan,3.0,7.79001,26.0
299,3p6.4s.76p,1P*,nan,3.0,6.110685,76.0
300,3p6.3d.23f,3D*,nan,3.0,7.779154,23.0
301,3p6.4s.23s,1S,nan,1.0,6.081282,23.0
302,3p6.4s.49d,3D,nan,5.0,6.107294,49.0
303,3p6.3d.42p,1P*,nan,3.0,7.804723,42.0
304,3p6.4s.8d,1D,nan,5.0,5.820932,8.0
305,3p6.4s.47p,1P*,nan,3.0,6.10648,47.0
306,3p6.4s.18p,1P*,nan,3.0,6.060851,18.0
307,3p6.4s.60p,3P*,nan,5.0,6.109119,60.0
308,3p6.4s.32d,3D,nan,5.0,6.099162,32.0
309,3p6.3d.21p,1P*,nan,3.0,7.776512,21.0
310,3p6.4s.34d,3D,nan,5.0,6.100788,34.0
311,3p6.3d.42p,3D*,nan,3.0,7.797242,42.0
312,3p5.(2P*<3/2>).4s2.5d,2[3/2]*,nan,3.0,33.586,5.0
313,3p6.4s.68p,1P*,nan,3.0,6.11005,68.0
314,3p6.4s.13g,1G,nan,9.0,6.03229,13.0
315,3p6.4s.10p,3P*,nan,8.0,5.9023,10.0
316,3p6.3d.41p,1P*,nan,3.0,7.804294,41.0
317,3p6.3d.20p,3D*,nan,3.0,7.764638,20.0
318,3p6.3d.5s,1D,nan,5.0,5.8829365,5.0
319,3p6.3d.55p,3D*,nan,3.0,7.800817,55.0
320,3p6.4s.13p,3P*,nan,8.0,6.0014255,13.0
321,3p6.3d.7p,3P*,nan,3.0,7.316415,7.0
322,3p6.4s.42d,1D,nan,5.0,6.104957,42.0
323,3p6.4s.55p,3P*,nan,5.0,6.108328,55.0
324,3p6.4s.21d,3D,nan,5.0,6.079739,21.0
325,3p6.4s.41p,3P*,nan,5.0,6.104238,41.0
326,3p5.(2P*<1/2>).4s2.16d,2[3/2]*,nan,3.0,34.598,16.0
327,3p6.3d.38f,1P*,nan,3.0,7.803539,38.0
328,3p6.4s.5d,3D,nan,15.0,5.2997089,5.0
329,3p5.(2P*<3/2>).4s2.6d,2[3/2]*,nan,3.0,33.8643,6.0
330,3p6.4p.4d,1P*?,nan,3.0,7.756665,4.0
331,3p6.3d.13f,3D*,nan,3.0,7.721653,13.0
332,3p6.3d.20p,3P*,nan,3.0,7.770277,20.0
333,3p6.4s.14g,1G,nan,9.0,6.04341,14.0
334,3p6.4s.9d,3D,nan,15.0,5.921305066666666,9.0
335,3p6.4s.35p,1P*,nan,3.0,6.10076,35.0
336,3p6.3d.45p,1P*,nan,3.0,7.805844,45.0
337,3p6.4s.21p,3P*,nan,5.0,6.075624,21.0
338,3p6.4s.10s,3S,nan,3.0,5.8746252,10.0
339,3p6.3d.8f,1P*,nan,3.0,7.594204,8.0
340,3p6.4s.20s,3S,nan,3.0,6.069012,20.0
341,3p6.4s.34s,3S,nan,3.0,6.099482,34.0
342,3p6.4s.28p,3P*,nan,5.0,6.093103,28.0
343,3p6.4s.13d,1D,nan,5.0,6.022944,13.0
344,3p6.4s.36d,3D,nan,5.0,6.102153,36.0
345,3p6.4p.9s,3P*,nan,3.0,8.9105,9.0
346,3p6.3d.16p,1P*,nan,3.0,7.746317,16.0
347,3p6.4s.26s,3S,nan,3.0,6.088635,26.0
348,3p5.(2P*<1/2>).4s2.8d,2[3/2]*,nan,3.0,34.397,8.0
349,3p6.4s.22f,1F*,nan,7.0,6.084797,22.0
350,3p5.4s2.4d,3P*,nan,3.0,31.6187,4.0
351,3p6.4s.23d,3D,nan,5.0,6.085495,23.0
352,3p6.4s.13d,3D,nan,15.0,6.021793333333334,13.0
353,3p5.(2P*<1/2>).4s2.11s,2[1/2]*,nan,3.0,34.4665,11.0
354,3p6.4p.8s,1P*,nan,3.0,8.803,8.0
355,3p6.4p.5s,1P*,nan,3.0,7.186,5.0
356,3p6.4s.77p,1P*,nan,3.0,6.110752,77.0
357,3p6.4s.15p,1P*,nan,3.0,6.03429,15.0
358,3p6.3d.28p,3D*,nan,3.0,7.785893,28.0
359,3p6.3d.50p,3D*,nan,3.0,7.799707,50.0
360,3p6.4s.16s,3S,nan,3.0,6.039124,16.0
361,3p6.4s.62d,1D,nan,5.0,6.109429,62.0
362,3p5.4s2.3d,3D*,nan,3.0,27.1514,3.0
363,3p6.3d.20f,3D*,nan,3.0,7.770779,20.0
364,3p6.3d.24f,3P*,nan,3.0,7.781757,24.0
365,3p6.3d.37f,3P*,nan,3.0,7.795556,37.0
366,3p6.4p.9s,1P*,nan,3.0,8.9277,9.0
367,3p6.4s.33d,3D,nan,5.0,6.100014,33.0
368,3p6.4s.4p,3P*,nan,9.0,1.8880275333333334,4.0
369,3p6.4s.67p,1P*,nan,3.0,6.109954,67.0
370,3p6.4s.4d,1D,nan,5.0,4.6243982,4.0
371,3p6.4s.22d,1D,nan,5.0,6.082122,22.0
372,3p6.3d.28p,1P*,nan,3.0,7.793412,28.0
373,3p5.(2P*<3/2>).4s2.7d,2[3/2]*,nan,3.0,33.9666,7.0
374,3p6.4p.8s,3P*,nan,3.0,8.7765,8.0
375,3p6.4s.25p,3P*,nan,5.0,6.087531,25.0
376,3p6.4s.14s,1S,nan,1.0,6.013127,14.0
377,3p6.4s.21p,1P*,nan,3.0,6.07596,21.0
378,3p6.4s.21s,1S,nan,1.0,6.074089,21.0
379,3p5.(2P*<1/2>).4s2.10d,2[3/2]*,nan,3.0,34.4959,10.0
380,3p6.4p2,1S,nan,1.0,5.1808379,4.0
381,3p6.3d.30p,1P*,nan,3.0,7.796062,30.0
382,3p6.4s.29s,3S,nan,3.0,6.093861,29.0
383,3p6.3d.27p,3D*,nan,3.0,7.784207,27.0
384,3p6.4s.9s,3S,nan,3.0,5.7960484,9.0
385,3p6.4s.34p,3P*,nan,5.0,6.09991,34.0
386,3p6.4s.30s,1S,nan,1.0,6.095369,30.0
387,3p6.3d2,3F,nan,21.0,5.392156866666667,3.0
388,3p6.4s.26s,1S,nan,1.0,6.088845,26.0
389,3p6.4s.75p,1P*,nan,3.0,6.110618,75.0
390,3p6.3d.13p,3D*,nan,3.0,7.697549,13.0
391,3p6.3d.25p,3D*,nan,3.0,7.780455,25.0
392,3p6.3d.9f,3P*,nan,3.0,7.637016,9.0
393,3p6.3d.55p,1P*,nan,3.0,7.808309,55.0
394,3p6.4s.11s,1S,nan,1.0,5.93187,11.0
395,3p6.4s.8f,3F*,nan,21.0,5.895484,8.0
396,3p5.(2P*<1/2>).4s2.7s,2[1/2]*,nan,3.0,33.9218,7.0
397,3p6.3d.24f,3D*,nan,3.0,7.782253,24.0
398,3p6.3d.38f,3P*,nan,3.0,7.796131,38.0
399,3p6.3d.4d,3G,nan,27.0,6.39527,4.0
400,3p5.(2P*<3/2>).4s2.15d,2[3/2]*,nan,3.0,34.2462,15.0
401,3p6.4s.33p,3P*,nan,5.0,6.099041,33.0
402,3p6.4s.59p,1P*,nan,3.0,6.108993,59.0
403,3p6.3d.6p,1P*,nan,3.0,7.0238,6.0
404,3p6.3d.33p,3P*,nan,3.0,7.798835,33.0
405,3p6.3d.51p,1P*,nan,3.0,7.807506,51.0
406,3p6.3d.6f,3P*,nan,3.0,7.421974,6.0
407,3p6.4s.14s,3S,nan,3.0,6.011287,14.0
408,3p6.4s.36s,3S,nan,3.0,6.10108,36.0
409,3p6.4s.12h,1H*,nan,11.0,6.01871,12.0
410,3p6.4s.16p,3P*,nan,5.0,6.044111,16.0
411,3p6.4s.30s,3S,nan,3.0,6.095254,30.0
412,3p6.4s.54p,1P*,nan,3.0,6.108155,54.0
413,3p6.3d.19f,3P*,nan,3.0,7.768105,19.0
414,3p6.4s.37d,1D,nan,5.0,6.102515,37.0
415,3p6.3d.26p,3D*,nan,3.0,7.782422,26.0
416,3p6.4s.11p,3P*,nan,8.0,5.9464310000000005,11.0
417,3p6.4s.52d,1D,nan,5.0,6.107872,52.0
418,3p6.3d.8p,3D*,nan,3.0,7.444771,8.0
419,3p6.4s.23p,3P*,nan,5.0,6.082419,23.0
420,3p6.3d.15p,3D*,nan,3.0,7.728064,15.0
421,3p6.3d.22p,1P*,nan,3.0,7.78008,22.0
422,3p6.4s.8p,3P*,nan,9.0,5.738690666666666,8.0
423,3p6.4s.38d,1D,nan,5.0,6.103085,38.0
424,3p6.3d.17f,3D*,nan,3.0,7.757156,17.0
425,3p6.3d.25f,1P*,nan,3.0,7.790776,25.0
426,3p6.3d.30p,3D*,nan,3.0,7.788534,30.0
427,3p6.3d.35p,3D*,nan,3.0,7.79322,35.0
428,3p6.4s.47d,1D,nan,5.0,6.106643,47.0
429,3p6.3d.26p,3P*,nan,3.0,7.789204,26.0
430,3p6.3d.35f,3P*,nan,3.0,7.794315,35.0
431,3p6.3d.10p,3P*,nan,3.0,7.605902,10.0
432,3p6.3d.10f,3P*,nan,3.0,7.669566,10.0
433,3p6.4s.50p,1P*,nan,3.0,6.107288,50.0
434,3p6.4s.13h,1H*,nan,11.0,6.0327,13.0
435,3p6.4s.55p,1P*,nan,3.0,6.108342,55.0
436,3p6.4p.15s,1P*,nan,3.0,9.171,15.0
437,3p6.3d.20f,3P*,nan,3.0,7.771812,20.0
438,3p6.4s.8d,3D,nan,15.0,5.8322776,8.0
439,3p6.3d.24p,3D*,nan,3.0,7.778056,24.0
440,3p6.3d.44p,3D*,nan,3.0,7.797943,44.0
441,3p6.4s.26d,3D,nan,5.0,6.091687,26.0
442,3p6.4s.18d,3D,nan,15.0,6.067061666666667,18.0
443,3p6.4s.55d,1D,nan,5.0,6.108434,55.0
444,3p6.3d.12p,3D*,nan,3.0,7.674751,12.0
445,3p6.3d.7p,1P*,nan,3.0,7.3395,7.0
446,3p6.4s.26f,1F*,nan,7.0,6.092879,26.0
447,3p6.4s.34d,1D,nan,5.0,6.100491,34.0
448,3p6.4s.11f,1F*,nan,7.0,5.9988563,11.0
449,3p6.3d.28f,3P*,nan,3.0,7.788255,28.0
450,3p6.4s.5g,1G,nan,9.0,5.563909,5.0
451,3p6.4s.54d,1D,nan,5.0,6.10825,54.0
452,3p6.3d.21f,3D*,nan,3.0,7.774358,21.0
453,3p6.3d.5d,3P,nan,9.0,7.144279999999999,5.0
454,3p6.4s.69p,1P*,nan,3.0,6.110142,69.0
455,3p6.4s.42p,3P*,nan,5.0,6.104678,42.0
456,3p6.3d.23f,1P*,nan,3.0,7.786751,23.0
457,3p6.3d.60p,1P*,nan,3.0,7.809099,60.0
458,3p6.4s.53d,3D,nan,5.0,6.108156,53.0
459,3p6.4s.17s,3S,nan,3.0,6.048945,17.0
460,3p6.4s.26p,3P*,nan,5.0,6.089617,26.0
461,3p6.4s.51p,1P*,nan,3.0,6.107525,51.0
462,3p6.3d.28p,3P*,nan,3.0,7.792877,28.0
463,3p6.4p.11s,1P*,nan,3.0,9.0646,11.0
464,3p5.4s2.4d,3D*,nan,3.0,33.2223,4.0
465,3p6.4s.52d,3D,nan,7.0,6.107981,52.0
466,3p6.3d.47p,3D*,nan,3.0,7.798947,47.0
467,3p6.4p.10d,1P*,nan,3.0,9.0816,10.0
468,3p6.3d.4f,1P*,nan,3.0,6.94092,4.0
469,3p6.4s.15s,3S,nan,3.0,6.026841,15.0
470,3p6.4s.53p,1P*,nan,3.0,6.107956,53.0
471,3p6.4s.5s,3S,nan,3.0,3.910399,5.0
472,3p6.3d.40p,1P*,nan,3.0,7.803826,40.0
473,3p6.4s.12p,1P*,nan,3.0,5.981063,12.0
474,3p6.3d.32f,3P*,nan,3.0,7.792254,32.0
475,3p6.4s.38d,3D,nan,5.0,6.103316,38.0
476,3p6.4s.24d,1D,nan,5.0,6.087193,24.0
477,3p6.4s.24f,1F*,nan,7.0,6.089341,24.0
478,3p6.4s.13f,1F*,nan,7.0,6.031496,13.0
479,3p6.4s.30d,3D,nan,5.0,6.097187,30.0
480,3p6.4s.40p,3P*,nan,5.0,6.103758,40.0
481,3p6.4s.46p,3P*,nan,5.0,6.106144,46.0
482,3p6.4s.15d,1D,nan,5.0,6.045487,15.0
483,3p6.4s.30p,1P*,nan,3.0,6.095956,30.0
484,3p6.3d.8p,1P*,nan,3.0,7.48,8.0
485,3p6.3d.21f,3P*,nan,3.0,7.774708,21.0
486,3p6.3d2,3P,nan,9.0,6.018409466666667,3.0
487,3p6.4s.14h,1H*,nan,11.0,6.04391,14.0
488,3p6.4s2,1S,nan,1.0,0.0,4.0
489,3p6.4s.44p,1P*,nan,3.0,6.105494,44.0
490,3p6.3d.36f,3P*,nan,3.0,7.795068,36.0
491,3p6.4s.10p,1P*,nan,3.0,5.909347,10.0
492,3p6.3d.57p,3D*,nan,3.0,7.801125,57.0
493,3p5.(2P*<1/2>).4s2.5d,2[3/2]*,nan,3.0,33.977,5.0
494,3p6.4s.11g,1G,nan,9.0,6.00013,11.0
495,3p6.4s.17s,1S,nan,1.0,6.049866,17.0
496,3p6.4s.48p,3P*,nan,5.0,6.106745,48.0
497,3p6.4s.8f,1F*,nan,7.0,5.896097,8.0
498,3p6.3d.18p,1P*,nan,3.0,7.761748,18.0
499,3p6.3d.34p,3D*,nan,3.0,7.792484,34.0
500,3p5.(2P*<1/2>).4s2.9d,2[3/2]*,nan,3.0,34.4573,9.0
501,3p6.4s.22s,1S,nan,1.0,6.077956,22.0
502,3p6.4s.40d,3D,nan,5.0,6.104296,40.0
503,3p6.3d.12f,3D*,nan,3.0,7.707057,12.0
504,3p6.4s.19s,3S,nan,3.0,6.063522,19.0
505,3p6.3d.29p,3P*,nan,3.0,7.794141,29.0
506,3p6.4s.8p,1P*,nan,3.0,5.7627624,8.0
507,3p6.3d.50p,1P*,nan,3.0,7.807271,50.0
508,3p6.4s.18s,3S,nan,3.0,6.056948,18.0
509,3p6.3d.6d,3P,nan,8.0,7.3621,6.0
510,3p6.4s.10f,3F*,nan,21.0,5.974436399999999,10.0
511,3p6.4s.7p,3P*,nan,9.0,5.5741264,7.0
512,3p6.4s.22d,3D,nan,5.0,6.082817,22.0
513,3p6.4s.43p,3P*,nan,5.0,6.105082,43.0
514,3p6.3d.49p,1P*,nan,3.0,7.807017,49.0
515,3p6.4s.40p,1P*,nan,3.0,6.103798,40.0
516,3p6.4s.42p,1P*,nan,3.0,6.104712,42.0
517,3p5.(2P*<1/2>).4s2.13d,2[3/2]*,nan,3.0,34.5663,13.0
518,3p6.4s.21s,3S,nan,3.0,6.073657,21.0
519,3p6.4s.24s,1S,nan,1.0,6.084151,24.0
520,3p6.4p.11d,1P*,nan,3.0,9.1149,11.0
521,3p6.3d.17f,3P*,nan,3.0,7.758796,17.0
522,3p6.4s.19s,1S,nan,1.0,6.064148,19.0
523,3p6.4s.17p,1P*,nan,3.0,6.053719,17.0
524,3p6.3d.9f,3D*,nan,3.0,7.630477,9.0
525,3p6.4s.44d,3D,nan,5.0,6.105855,44.0
526,3p5.(2P*<1/2>).4s2.14d,2[3/2]*,nan,3.0,34.58,14.0
527,3p6.3d.13p,1P*,nan,3.0,7.706191,13.0
528,3p6.3d.24f,1P*,nan,3.0,7.788726,24.0
529,3p6.4s.19p,1P*,nan,3.0,6.066772,19.0
530,3p6.4s.59p,3P*,nan,5.0,6.108979,59.0
531,3p6.4s.18f,1F*,nan,7.0,6.070721,18.0
532,3p6.4s.35p,3P*,nan,5.0,6.100701,35.0
533,3p6.4s.20s,1S,nan,1.0,6.069539,20.0
534,3p5.(2P*<1/2>).4s2.12d,2[3/2]*,nan,3.0,34.5478,12.0
535,3p6.4s.np,w 1P*,nan,3.0,5.4470569,4.0
536,3p6.4s.60p,1P*,nan,3.0,6.109135,60.0
537,3p6.4s.14f,1F*,nan,7.0,6.042809,14.0
538,3p6.3d.4f,3P*,nan,3.0,6.93649,4.0
539,3p6.4s.20d,3D,nan,15.0,6.0761709999999995,20.0
540,3p6.4s.23s,3S,nan,3.0,6.080956,23.0
541,3p6.4s.49p,3P*,nan,5.0,6.107018,49.0
542,3p6.4s.45d,3D,nan,5.0,6.106167,45.0
543,3p6.4s.72p,1P*,nan,3.0,6.110396,72.0
544,3p6.4s.48p,1P*,nan,3.0,6.106769,48.0
545,3p6.4s.78p,1P*,nan,3.0,6.110815,78.0
546,3p6.4p.10s,1P*,nan,3.0,9.0081,10.0
547,3p6.4s.24d,3D,nan,5.0,6.087811,24.0
548,3p6.3d.59p,1P*,nan,3.0,7.808956,59.0
549,3p6.4s.16d,3D,nan,15.0,6.054160333333333,16.0
550,3p6.4p2,3P,nan,9.0,4.7706602333333334,4.0
551,3p6.3d.35f,1P*,nan,3.0,7.801874,35.0
552,3p6.3d.39p,3D*,nan,3.0,7.795752,39.0
553,3p6.3d.48p,3D*,nan,3.0,7.79922,48.0
554,3p6.3d.56p,3D*,nan,3.0,7.800937,56.0
555,3p6.3d.38p,3D*,nan,3.0,7.79522,38.0
556,3p6.3d.38p,1P*,nan,3.0,7.802773,38.0
557,3p6.4s.5g,3G,nan,11.0,5.563774,5.0
558,3p6.4s.51d,1D,nan,5.0,6.107649,51.0
559,3p6.4s.58d,3D,nan,5.0,6.10901,58.0
560,3p6.3d.7f,3P*,nan,3.0,7.524634,7.0
561,3p6.3d.51p,3D*,nan,3.0,7.799955,51.0
562,3p6.4p.7s,3P*,nan,3.0,8.5441,7.0
563,3p6.3d.16f,3D*,nan,3.0,7.7515,16.0
564,3p6.4s.33s,3S,nan,3.0,6.098581,33.0
565,3p6.3d.10f,1P*,nan,3.0,7.673161,10.0
566,3p6.3d.11p,3D*,nan,3.0,7.643905,11.0
567,3p6.3d.17p,3P*,nan,3.0,7.750496,17.0
568,3p6.4s.12s,1S,nan,1.0,5.967452,12.0
569,3p6.3d.14f,1P*,nan,3.0,7.740753,14.0
570,3p6.4s.38p,3P*,nan,5.0,6.102689,38.0
571,3p6.4s.12g,1G,nan,9.0,6.01821,12.0
572,3p6.4s.13s,1S,nan,1.0,5.993489,13.0
573,3p6.4s.22p,1P*,nan,3.0,6.079563,22.0
574,3p6.4s.32d,1D,nan,5.0,6.098804,32.0
575,3p6.3d.41p,3D*,nan,3.0,7.796718,41.0
576,3p6.3d.5s,3D,nan,15.0,5.885049733333333,5.0
577,3p6.3d.25f,3P*,nan,3.0,7.783765,25.0
578,3p5.(2P*<1/2>).4s2.14s,2[1/2]*,nan,3.0,34.5546,14.0
579,3p6.4s.12d,3D,nan,15.0,6.005007,12.0
580,3p6.4p.6s,3P*,nan,3.0,8.0561,6.0
581,3p6.4p.15s,3P*,nan,3.0,9.1428,15.0
582,3p6.3d.21p,3D*,nan,3.0,7.768868,21.0
583,3p6.3d.4p,3D*,nan,15.0,4.739115533333334,4.0
584,3p6.4s.45p,1P*,nan,3.0,6.105847,45.0
585,3p6.3d.29p,3D*,nan,3.0,7.787263,29.0
586,3p6.3d.30p,3P*,nan,3.0,7.795556,30.0
587,3p6.4s.6f,3F*,nan,21.0,5.723705733333333,6.0
588,3p6.4s.10d,3D,nan,15.0,5.955416733333333,10.0
589,3p6.3d.20p,1P*,nan,3.0,7.772609,20.0
590,3p6.3d.26f,1P*,nan,3.0,7.792696,26.0
591,3p6.4s.30d,1D,nan,5.0,6.096762,30.0
592,3p6.3d.11f,3P*,nan,3.0,7.693528,11.0
593,3p6.4s.11h,1H*,nan,11.0,6.00066,11.0
594,3p6.4s.32s,1S,nan,1.0,6.097728,32.0
595,3p6.4s.39d,1D,nan,5.0,6.103608,39.0
596,3p6.3d.8f,3D*,nan,3.0,7.584428,8.0
597,3p6.4s.33d,1D,nan,5.0,6.099688,33.0
598,3p6.4p.4d,3P*?,nan,3.0,7.756135,4.0
599,3p6.4s.16s,1S,nan,1.0,6.040265,16.0
600,3p6.3d.16f,1P*,nan,3.0,7.758021,16.0
601,3p6.3d.32p,3P*,nan,3.0,7.79782,32.0
602,3p6.4s.36p,1P*,nan,3.0,6.101476,36.0
603,3p6.4s.35d,1D,nan,5.0,6.101223,35.0
604,3p6.4s.16d,1D,nan,5.0,6.053783,16.0
605,3p6.3d.33p,3D*,nan,3.0,7.791628,33.0
606,3p6.4s.43d,3D,nan,5.0,6.10551,43.0
607,3p6.3d.34f,3P*,nan,3.0,7.793778,34.0
608,3p6.4p.11s,3P*,nan,3.0,9.0349,11.0
609,3p6.4s.63p,1P*,nan,3.0,6.109521,63.0
610,3p6.3d.56p,1P*,nan,3.0,7.80849,56.0
611,3p6.4s.28d,1D,nan,5.0,6.094256,28.0
612,3p6.4s.9f,3F*,nan,21.0,5.941566066666667,9.0
613,3p6.4s.61p,1P*,nan,3.0,6.109272,61.0
614,3p5.(2P*<1/2>).4s2.5s,2[1/2]*,nan,3.0,32.2598,5.0
615,3p6.4s.6d,1D,nan,5.0,5.578028,6.0
616,3p6.4s.27p,1P*,nan,3.0,6.091603,27.0
617,3p6.4p.12d,3P*,nan,3.0,9.1428,12.0
618,3p6.3d.4f,3D*,nan,3.0,6.93106,4.0
619,3p6.4s.71p,1P*,nan,3.0,6.110314,71.0
620,3p6.4s.5p,1P*,nan,3.0,4.5541398,5.0
621,3p6.4s.56p,1P*,nan,3.0,6.108518,56.0
622,3p6.4s.9p,3P*,nan,8.0,5.837943,9.0
623,3p6.3d.9p,3D*,nan,3.0,7.539142,9.0
624,3p6.3d.33f,3P*,nan,3.0,7.792877,33.0
625,3p6.3d.7p,3D*,nan,3.0,7.290137,7.0
626,3p5.(2P*<3/2>).4s2.10d,2[3/2]*,nan,3.0,34.158,10.0
627,3p6.4s.17p,3P*,nan,5.0,6.052983,17.0
628,3p6.4s.16f,1F*,nan,7.0,6.059381,16.0
629,3p6.4s.41p,1P*,nan,3.0,6.104273,41.0
630,3p6.4s.52p,3P*,nan,5.0,6.107728,52.0
631,3p6.4s.41d,3D,nan,5.0,6.104712,41.0
632,3p6.4s.29p,3P*,nan,5.0,6.094555,29.0
633,3p6.4s.50d,3D,nan,5.0,6.107541,50.0
634,3p6.4s.10g,1G,nan,9.0,5.97631,10.0
635,3p6.4s.26p,1P*,nan,3.0,6.089779,26.0
636,3p6.4p.13s,3P*,nan,3.0,9.1059,13.0
637,3p6.4s.34p,1P*,nan,3.0,6.099975,34.0
638,3p6.4s.41d,1D,nan,5.0,6.104542,41.0
639,3p6.3d.22f,1P*,nan,3.0,7.78435,22.0
640,3p6.3d.15f,1P*,nan,3.0,7.749833,15.0
641,3p6.4s.32s,3S,nan,3.0,6.097602,32.0
642,3p6.4s.9s,1S,nan,1.0,5.8068068,9.0
643,3p6.4s.31p,3P*,nan,5.0,6.097031,31.0
644,3p6.4s.37d,3D,nan,5.0,6.102758,37.0
645,3p6.4s.28p,1P*,nan,3.0,6.093222,28.0
646,3p6.4s.31p,1P*,nan,3.0,6.097119,31.0
647,3p6.4p.5s,3P*,nan,3.0,7.1244,5.0
648,3p6.3d.19f,3D*,nan,3.0,7.766559,19.0
649,3p6.3d.29f,3P*,nan,3.0,7.789204,29.0
650,3p6.4s.26d,1D,nan,5.0,6.091138,26.0
651,3p6.3d.52p,3D*,nan,3.0,7.800177,52.0
652,3p6.4s.40d,1D,nan,5.0,6.10409,40.0
653,3p6.4s.20p,3P*,nan,5.0,6.071341,20.0
654,3p6.4s.27d,3D,nan,5.0,6.093285,27.0
655,3p6.3d.22p,3P*,nan,3.0,7.778285,22.0
656,3p6.4s.32p,1P*,nan,3.0,6.098165,32.0
657,3p6.4s.14d,1D,nan,5.0,6.035423,14.0
658,3p6.4s.42d,3D,nan,5.0,6.105117,42.0
659,3p6.3d.11p,3P*,nan,3.0,7.646926,11.0
660,3p6.3d.17f,1P*,nan,3.0,7.764556,17.0
661,3p5.(2P*<1/2>).4s2.7d,2[3/2]*,nan,3.0,34.2979,7.0
662,3p6.3d.43p,1P*,nan,3.0,7.805125,43.0
663,3p6.3d.46p,3D*,nan,3.0,7.798617,46.0
664,3p6.4s.58p,1P*,nan,3.0,6.108843,58.0
665,3p6.4s.50p,3P*,nan,5.0,6.107269,50.0
666,3p6.3d.29p,1P*,nan,3.0,7.79481,29.0
667,3p6.4p.8d,1P*,nan,3.0,8.9627,8.0
668,3p6.4p.6s,1P*,nan,3.0,8.1141,6.0
669,3p6.3d.8p,3P*,nan,3.0,7.457682,8.0
670,3p6.3d.4s,1D,nan,5.0,2.7090094,4.0
671,3p6.4s.59d,3D,nan,5.0,6.109139,59.0
672,3p6.3d.10p,1P*,nan,3.0,7.61611,10.0
673,3p6.3d.4s,3D,nan,15.0,2.5233107,4.0
674,3p6.3d.5p,3P*,nan,3.0,6.4358,5.0
675,3p6.3d.12p,1P*,nan,3.0,7.684601,12.0
676,3p5.(2P*<3/2>).4s2.9d,2[3/2]*,nan,3.0,34.1294,9.0
677,3p6.3d.5f,3P*,nan,3.0,7.252073,5.0
678,3p6.4s.13f,3F*,nan,9.0,6.031382,13.0
679,3p6.4s.11d,1D,nan,5.0,5.987302,11.0
680,3p6.3d.20f,1P*,nan,3.0,7.778285,20.0
681,3p6.4s.8s,3S,nan,3.0,5.6708741,8.0
682,3p6.4s.24s,3S,nan,3.0,6.083882,24.0
683,3p6.4s.19p,3P*,nan,5.0,6.06629,19.0
684,3p6.4p.12s,3P*,nan,3.0,9.0816,12.0
